Gender,Age,Annual Income (k$),Spending Score (1-100)
Male,57,48,37
Male,35,45,74
Male,64,103,95
Male,18,86,30
Female,50,42,83
Female,26,64,12
Female,31,85,55
Male,46,42,56
Male,46,23,11
Female,47,15,28
Male,19,93,26
Female,59,55,16
Female,26,68,1
Male,28,45,44
Male,47,27,47
Male,34,32,47
Male,43,25,69
Male,18,82,1
Female,42,99,40
Male,41,61,100
Female,31,20,73
Female,18,73,73
Female,35,93,23
Male,38,86,45
Female,33,59,1
Male,18,54,65
Male,61,59,86
Female,29,92,12
Male,35,80,20
Male,18,50,49
Female,61,49,54
Female,32,47,36
Female,40,32,29
Male,54,96,29
Male,29,39,48
Male,52,73,65
Female,18,43,48
Female,46,48,46
Female,60,57,4
Female,30,74,72
Female,54,53,48
Male,64,30,38
Female,35,61,56
Female,34,40,28
Male,26,101,39
Female,31,53,52
Male,27,43,32
Male,26,112,7
Female,55,79,3
Male,27,37,61
Male,42,39,49
Male,39,73,48
Female,59,61,20
Male,31,83,49
Female,44,43,39
Male,49,78,34
Female,59,15,48
Female,31,56,57
Male,30,44,95
Female,24,48,64
Male,70,57,72
Male,58,90,78
Male,38,30,30
Male,65,15,41
Male,37,33,26
Female,48,87,32
Female,38,17,39
Female,44,45,31
Male,42,82,55
Female,32,59,61
Female,54,90,16
Male,48,15,42
Male,53,52,42
Male,43,95,12
Female,26,30,30
Male,62,87,72
Female,35,54,72
Female,43,71,8
Male,47,93,62
Female,43,71,12
Male,51,45,39
Female,53,75,47
Female,35,43,69
Female,61,67,45
Female,35,27,24
Female,43,61,19
Female,33,91,54
Male,29,52,33
Male,53,89,39
Female,70,141,75
Female,33,59,61
Male,55,76,91
Male,34,73,23
Female,38,66,31
Male,63,81,54
Female,23,54,97
Male,20,43,29
Male,37,20,51
Female,48,51,84
Male,45,84,51
Male,43,35,76
Female,39,67,100
Male,49,57,57
Female,18,44,62
Male,28,15,69
Male,37,96,26
Female,48,74,11
Male,59,130,54
Female,26,88,34
Female,59,95,77
Male,32,15,58
Male,37,15,76
Female,46,61,19
Male,36,30,76
Male,54,42,1
Male,33,126,21
Female,33,91,66
Female,53,35,37
Female,28,15,39
Male,42,33,52
Male,18,45,86
Female,64,52,1
Female,55,26,82
Female,70,90,83
Male,57,41,37
Female,23,77,32
Male,48,61,47
Male,26,85,31
Female,60,54,59
Male,23,36,62
Male,22,44,10
Male,18,45,26
Female,32,114,19
Male,29,62,55
Female,21,60,72
Female,66,83,22
Male,46,60,72
Male,44,90,26
Female,61,50,68
Male,42,48,42
Male,28,34,38
Female,18,109,79
Female,27,58,96
Male,59,29,1
Female,21,65,65
Male,43,43,54
Male,53,50,67
Male,42,68,13
Female,44,100,22
Male,48,63,32
Male,44,41,55
Male,61,47,31
Male,24,77,41
Male,42,15,71
Female,18,33,100
Male,18,66,69
Female,37,15,72
Female,46,52,45
Female,61,47,27
Female,70,83,41
Male,57,53,48
Female,49,91,20
Male,41,62,71
Male,18,107,89
Male,36,24,53
Male,56,103,78
Female,51,49,81
Male,20,99,23
Female,47,91,5
Female,46,15,37
Male,43,73,52
Male,38,86,19
Male,48,95,86
Female,48,29,100
Female,29,76,54
Female,45,65,24
Female,36,71,62
Male,18,86,24
Male,31,90,79
Male,18,43,44
Female,52,67,68
Male,43,61,73
Male,33,54,64
Female,58,56,96
Female,39,65,54
Male,18,44,37
Female,32,83,1
Female,61,93,1
Male,29,39,67
Male,42,95,45
Male,49,39,29
Female,47,84,21
Female,70,95,69
Male,22,58,24
Male,23,39,92
Female,22,45,100
Male,34,70,26
Male,54,112,67
Female,24,16,61
Female,54,63,24
Female,39,58,24
Male,23,48,47
Male,18,58,20
Female,18,46,78
Male,29,93,43
Male,36,95,21
Male,57,62,47
Female,50,56,62
Female,27,47,31
Male,44,62,1
Male,61,109,53
Female,65,57,18
Female,34,38,29
Female,52,50,62
Female,58,80,35
Male,18,41,46
Female,31,59,87
Female,69,72,41
Male,34,43,100
Male,18,15,69
Male,37,32,26
Female,54,38,37
Male,38,54,17
Male,48,61,66
Female,51,82,84
Male,33,28,40
Female,31,78,2
Male,40,50,59
Female,41,15,27
Male,39,60,31
Female,40,95,58
Female,28,83,82
Male,49,58,69
Female,47,90,61
Female,20,65,46
Male,33,86,16
Female,40,16,59
Male,31,27,68
Male,47,79,34
Female,37,100,40
Female,41,71,78
Male,33,47,40
Male,18,38,43
Female,18,52,47
Female,47,92,67
Male,42,51,57
Female,44,88,55
Female,40,77,89
Male,41,105,39
Female,52,65,25
Female,45,59,76
Female,53,89,56
Female,41,35,34
Male,34,48,40
Female,41,16,17
Female,27,27,56
Male,33,111,12
Female,41,78,67
Male,41,24,36
Male,37,91,14
Male,19,42,78
Female,47,77,100
Female,50,77,61
Male,61,104,42
Female,45,46,25
Male,38,41,56
Male,24,15,66
Male,59,57,50
Male,42,79,73
Female,41,83,89
Male,35,93,17
Male,34,68,57
Male,48,73,1
Male,24,62,29
Male,61,79,68
Female,58,36,48
Female,33,23,8
Female,26,38,77
Female,18,66,36
Male,21,26,72
Female,49,43,63
Male,43,44,28
Male,45,81,72
Female,18,77,58
Female,33,62,54
Female,57,72,38
Female,37,72,21
Female,21,51,39
Male,37,46,38
Male,28,100,72
Male,43,15,7
Female,39,41,88
Male,46,55,89
Female,21,75,33
Male,32,90,86
Male,54,109,24
Female,19,58,79
Female,24,59,29
Male,41,70,76
Female,42,46,13
Male,32,29,78
Female,34,58,83
Male,46,80,12
Female,50,54,95
Female,23,71,76
Male,43,15,1
Female,59,61,37
Female,37,49,76
Male,23,27,68
Female,23,77,53
Male,36,109,74
Male,53,86,27
Male,38,88,51
Male,41,79,28
Male,24,77,53
Female,52,15,76
Male,22,57,70
Male,31,73,55
Female,47,74,75
Female,18,93,78
Female,41,33,96
Female,24,76,80
Male,39,32,67
Male,33,54,74
Male,68,58,56
Female,33,83,42
Female,64,80,72
Male,47,63,69
Female,27,15,57
Male,43,72,45
Female,34,53,43
Male,42,97,39
Male,28,90,82
Male,62,35,80
Female,51,75,79
Female,39,76,23
Female,63,74,40
Female,39,71,43
Male,54,77,34
Female,39,99,98
Female,44,46,60
Male,37,36,58
Female,40,81,38
Female,41,15,72
Female,29,77,100
Female,33,73,52
Female,35,15,44
Male,42,43,47
Female,38,101,41
Female,55,22,50
Male,50,66,34
Male,36,34,27
Female,58,41,49
Female,65,110,52
Male,18,63,43
Female,51,74,87
Male,29,57,60
Female,50,20,69
Female,56,29,70
Female,26,91,52
Female,18,64,55
Female,50,40,27
Male,40,59,67
Female,18,77,41
Female,70,72,33
Female,47,40,83
Female,48,19,15
Male,57,49,94
Male,30,89,92
Female,40,82,44
Male,20,71,96
Male,30,56,27
Female,44,46,75
Female,18,56,50
Female,29,81,3
Male,25,87,33
Male,40,53,45
Female,46,127,70
Female,49,62,37
Female,52,51,43
Female,58,99,64
Female,47,15,62
Male,65,73,47
Male,40,58,42
Female,36,98,74
Male,47,76,42
Male,35,64,19
Female,64,77,40
Male,54,32,64
Male,49,85,46
Male,40,25,37
Male,33,69,17
Female,48,61,46
Female,23,15,56
Male,60,62,24
Male,36,67,45
Female,43,43,21
Male,26,33,46
Female,48,73,94
Male,32,70,54
Female,47,66,9
Male,49,60,58
Female,29,45,84
Female,23,120,14
Male,60,52,23
Female,36,37,56
Female,41,61,47
Male,45,55,81
Male,21,52,45
Male,45,109,71
Female,40,30,89
Female,29,61,27
Male,22,32,69
Female,47,46,39
Male,54,106,1
Male,41,67,62
Female,18,67,65
Female,24,35,10
Male,32,49,38
Female,60,108,34
Male,35,73,71
Female,32,51,10
Female,18,72,52
Male,29,67,1
Female,21,38,60
Female,24,50,53
Male,40,119,37
Female,33,70,87
Male,62,19,1
Female,53,73,49
Female,30,94,81
Male,26,36,53
Female,58,48,85
Female,62,98,38
Male,18,61,45
Female,40,56,82
Female,35,25,73
Female,47,88,100
Male,65,55,52
Male,32,15,55
Male,18,19,38
Male,46,45,44
Female,58,32,78
Male,34,36,50
Male,29,122,29
Female,32,79,40
Male,50,15,47
Male,32,52,31
Male,43,58,38
Female,39,21,24
Female,37,74,39
Female,48,15,80
Male,32,89,51
Male,32,98,100
Female,49,122,30
Male,25,19,62
Female,26,24,55
Female,21,78,66
Male,50,91,34
Female,37,81,40
Female,20,88,60
Female,50,96,37
Male,31,65,4
Female,26,54,84
Female,36,24,73
Male,59,52,39
Female,33,56,55
Female,46,35,76
Male,49,59,84
Male,45,32,52
Female,56,89,35
Female,28,71,88
Male,24,48,52
Male,24,65,46
Female,36,31,56
Female,25,34,80
Male,40,43,49
Male,39,55,75
Male,53,64,44
Male,42,64,65
Female,33,25,25
Female,44,58,77
Male,24,39,32
Female,38,15,62
Male,43,141,11
Female,40,39,50
Female,44,41,55
Male,29,25,32
Male,54,32,47
Female,64,55,56
Male,18,96,64
Male,21,55,52
Male,39,52,84
Female,35,92,80
Female,65,46,49
Female,41,61,15
Female,58,36,37
Female,18,104,1
Male,50,88,45
Male,28,56,86
Female,28,50,70
Female,35,59,52
Female,18,56,31
Male,45,19,53
Male,41,88,100
Male,42,54,88
Female,51,110,46
Male,60,71,11
Female,33,15,100
Female,45,26,31
Male,42,15,63
Male,44,26,9
Female,44,17,41
Female,61,67,9
Male,32,52,20
Female,18,80,26
Female,29,59,62
Female,49,54,47
Female,39,113,100
Female,32,66,79
Female,23,58,80
Female,41,38,63
Female,47,29,57
Male,43,80,80
Male,35,79,1
Female,40,101,34
Female,40,73,15
Female,41,50,1
Male,22,73,30
Male,41,58,20
Male,32,83,81
Male,53,95,52
Male,40,56,1
Male,50,106,58
Male,34,91,24
Male,35,61,51
Male,59,78,60
Male,44,68,30
Female,28,61,55
Male,51,110,60
Male,31,74,45
Female,42,38,31
Male,64,33,50
Male,18,34,46
Female,36,73,58
Female,44,51,43
Male,49,69,19
Female,21,85,45
Male,18,113,58
Male,54,52,54
Male,28,23,47
Male,28,107,37
Female,60,22,36
Female,39,21,38
Male,39,106,77
Male,36,88,25
Female,21,73,52
Female,48,59,17
Female,44,54,69
Male,41,43,36
Female,37,53,28
Female,34,59,55
Female,51,24,1
Male,36,39,16
Female,37,15,59
Female,46,62,76
Female,41,62,61
Female,61,107,53
Female,18,70,100
Female,43,45,62
Male,28,55,23
Female,25,73,76
Male,32,66,33
Female,39,75,31
Female,40,70,14
Male,18,53,39
Female,31,46,18
Female,42,45,64
Female,26,36,46
Female,23,32,15
Male,18,108,48
Male,29,63,75
Female,22,56,92
Male,25,47,3
Male,35,71,30
Male,30,92,16
Male,22,79,59
Female,18,84,13
Female,43,45,77
Male,49,60,81
Female,33,45,71
Male,35,63,31
Female,38,93,33
Male,60,72,38
Female,18,103,78
Male,33,52,6
Male,18,39,60
Female,43,74,26
Male,36,63,39
Male,41,69,69
Male,40,65,11
Female,52,47,43
Female,46,65,46
Female,50,86,49
Female,23,88,47
Male,55,47,64
Female,28,66,38
Female,29,99,59
Male,42,48,58
Male,43,43,57
Female,23,81,63
Female,36,76,57
Female,59,38,47
Male,18,23,17
Female,59,66,85
Female,35,49,93
Male,18,16,40
Female,19,42,61
Female,25,76,36
Male,30,56,31
Male,37,101,51
Male,18,15,100
Female,41,95,91
Female,24,51,87
Male,58,47,63
Male,35,19,26
Male,52,72,76
Male,54,15,1
Male,53,82,60
Male,30,20,78
Male,30,24,54
Male,35,29,93
Male,47,41,13
Female,31,85,91
Female,37,100,46
Male,42,44,87
Male,26,59,76
Female,25,73,89
Female,36,51,75
Male,38,72,68
Female,44,60,85
Female,48,53,51
Male,23,23,65
Female,27,64,50
Female,25,85,32
Female,58,40,63
Male,37,15,55
Female,39,52,82
Male,39,100,45
Male,28,92,30
Male,60,45,82
Male,44,72,51
Female,39,76,29
Female,23,99,86
Male,22,19,74
Male,34,32,97
Male,29,15,41
Male,23,42,37
Male,33,88,22
Female,35,45,35
Male,40,26,40
Male,31,66,67
Female,24,67,26
Male,25,33,33
Female,55,47,94
Female,21,64,1
Male,43,80,62
Female,46,43,16
Male,37,39,29
Female,63,110,86
Female,45,53,52
Female,64,67,100
Female,29,77,66
Female,29,15,28
Male,46,60,64
Female,35,17,79
Male,62,57,63
Female,43,96,44
Male,24,34,6
Male,18,16,41
Male,37,110,93
Male,37,30,29
Male,43,21,39
Female,55,103,75
Male,53,29,66
Female,30,103,16
Female,20,67,47
Male,21,94,86
Male,28,65,50
Female,33,88,87
Male,43,36,88
Female,27,44,26
Male,42,15,42
Female,43,86,67
Female,40,71,10
Male,23,34,44
Female,45,15,64
Female,67,67,34
Female,42,104,65
Male,18,56,34
Female,56,43,34
Female,29,35,69
Male,70,93,85
Female,40,40,31
Male,18,50,18
Male,18,87,49
Male,60,77,62
Male,54,51,31
Male,69,42,93
Male,39,99,46
Male,38,31,31
Male,33,55,100
Female,29,21,82
Female,33,91,31
Female,41,48,77
Female,27,42,33
Male,18,77,70
Female,41,23,96
Female,26,77,18
Female,18,51,36
Female,46,28,36
Male,23,34,57
Female,48,42,62
Male,47,48,47
Female,42,29,6
Male,70,68,18
Male,36,28,27
Female,34,15,64
Female,48,110,14
Female,38,65,26
Female,55,113,20
Female,21,33,59
Male,21,73,79
Female,49,84,54
Female,22,55,100
Male,47,22,54
Female,44,53,47
Female,29,77,29
Female,43,76,55
Female,21,60,28
Male,24,84,24
Male,35,82,24
Female,39,46,44
Male,34,20,37
Female,44,65,100
Female,44,40,55
Female,60,64,55
Female,37,95,35
Female,55,72,100
Female,51,94,26
Male,70,33,37
Male,37,89,76
Female,32,104,55
Male,56,62,17
Female,44,121,50
Female,56,38,67
Female,48,43,63
Female,18,77,67
Male,44,61,100
Female,43,41,57
Female,40,76,70
Female,37,69,1
Male,18,45,98
Male,51,65,51
Male,44,80,27
Male,54,44,45
Female,18,74,67
Female,45,37,76
Female,35,42,47
Female,40,89,65
Female,35,76,43
Male,46,15,62
Female,36,50,55
Male,24,73,57
Female,40,64,42
Female,35,76,60
Female,37,63,28
Female,18,57,55
Male,48,56,33
Female,34,89,24
Female,20,78,31
Female,51,71,44
Female,47,62,36
Female,34,46,60
Female,22,52,52
Male,41,88,76
Female,40,86,48
Male,51,43,54
Female,32,63,98
Female,55,73,38
Male,31,71,42
Female,20,71,81
Male,23,31,25
Male,37,29,84
Male,37,91,44
Male,43,100,28
Female,37,21,73
Male,52,59,43
Female,35,81,97
Male,18,15,52
Female,37,32,52
Female,18,58,35
Male,42,44,46
Female,53,66,43
Female,25,99,84
Male,58,38,57
Male,50,61,68
Male,55,51,52
Female,41,64,39
Female,24,60,59
Female,49,129,91
Female,30,99,23
Female,40,19,61
Female,36,36,88
Female,54,40,29
Female,49,28,74
Female,37,24,74
Female,18,55,16
Female,29,41,78
Male,48,37,34
Male,42,113,59
Male,18,42,76
Female,18,48,81
Male,41,80,10
Male,24,48,96
Male,25,29,86
Female,48,53,77
Male,55,113,59
Female,28,47,38
Female,38,36,22
Male,37,71,8
Female,36,52,66
Female,39,132,77
Male,49,39,48
Male,29,106,38
Female,18,91,52
Female,62,50,33
Female,54,60,50
Female,23,33,32
Female,40,46,66
Female,52,50,82
Female,49,64,63
Female,45,23,48
Female,36,68,75
Female,62,56,50
Female,41,71,74
Male,31,74,33
Male,51,54,37
Female,40,73,24
Female,43,58,38
Male,41,80,75
Female,45,68,27
Female,25,65,1
Male,18,57,39
Female,58,94,19
Male,42,71,37
Male,49,25,100
Male,18,48,27
Male,53,54,66
Male,31,60,48
Female,27,65,59
Female,37,35,37
Female,25,58,80
Female,38,52,61
Female,36,89,61
Male,53,34,52
Female,59,60,82
Female,59,42,64
Female,18,109,59
Male,25,93,67
Female,18,17,4
Male,22,39,55
Female,29,83,48
Female,44,72,80
Female,31,71,32
Female,31,65,55
Female,41,85,99
Male,18,81,49
Female,27,52,15
Female,31,29,100
Male,36,16,31
Male,39,57,23
Female,59,15,24
Male,51,67,68
Female,28,52,83
Female,35,111,95
Female,34,69,50
Male,31,59,24
Male,42,18,35
Female,18,27,51
Female,51,78,49
Female,62,52,83
Female,35,127,16
Male,34,58,21
Female,41,64,42
Male,53,25,59
Male,34,85,38
Male,51,36,36
Female,45,74,80
Female,70,81,62
Female,34,63,24
Female,18,106,37
Female,18,44,63
Male,39,104,17
Male,53,27,63
Male,29,81,41
Female,35,56,59
Female,48,41,53
Female,25,16,21
Male,30,53,33
Female,22,52,87
Female,55,65,100
Male,60,79,5
Female,18,39,77
Male,36,106,57
Male,58,46,100
Female,44,76,35
Female,32,62,73
Male,18,55,42
Male,54,61,83
Female,43,35,100
Male,18,50,55
Male,55,25,20
Male,18,46,86
Male,35,48,64
Female,35,82,59
Female,61,51,91
Male,35,48,20
Female,35,66,31
Female,19,65,65
Female,29,45,31
Female,27,70,42
Male,28,55,83
Male,38,44,61
Male,18,47,19
Female,18,85,60
Female,37,48,82
Female,40,67,54
Male,35,26,72
Female,38,89,36
Male,33,45,56
Male,38,71,9
Female,44,53,66
Female,44,70,59
Female,29,72,16
Female,51,56,89
Male,41,15,64
Male,56,89,32
Male,58,56,67
Female,18,70,24
Male,26,78,28
Female,50,48,24
Female,18,74,24
Male,58,40,61
Male,34,70,52
Female,46,61,69
Male,37,49,1
Male,19,61,40
Female,53,32,40
Male,70,68,51
Male,31,71,50
Male,34,69,56
Male,18,100,52
Female,57,58,38
Female,51,59,39
Female,18,29,48
Male,18,101,63
Female,18,21,52
Female,47,66,29
Female,49,44,28
Male,25,62,63
Male,45,26,69
Female,41,83,77
Male,33,35,37
Female,52,91,1
Female,22,36,60
Male,54,86,31
Female,28,38,47
Female,63,44,54
Male,24,60,64
Female,33,38,73
Female,39,37,80
Female,39,38,84
Male,45,68,52
Female,20,60,6
Female,38,61,34
Female,40,52,86
Male,31,74,54
Female,44,88,100
Female,20,75,40
Female,34,55,100
Male,28,28,50
Female,34,15,39
Male,59,58,31
Male,59,15,67
Male,56,55,13
Male,32,97,36
Male,51,30,48
Male,40,26,1
Female,39,77,47
Female,37,15,94
Female,63,70,61
Male,57,99,33
Male,49,37,37
Female,36,33,58
Female,39,76,37
Female,46,29,62
Male,31,81,36
Male,51,31,23
Female,25,107,80
Female,44,77,68
Female,18,61,1
Female,31,105,41
Male,67,87,77
Male,53,70,45
Male,60,15,35
Male,29,42,43
Female,40,89,53
Male,56,26,45
Male,47,40,48
Male,45,33,46
Female,61,71,25
Female,24,85,23
Female,36,85,22
Female,18,38,52
Male,23,70,65
Female,53,36,25
Male,26,55,11
Female,49,74,27
Female,62,88,86
Male,36,15,42
Female,46,63,44
Female,49,97,29
Male,21,66,64
Male,30,62,47
Female,24,45,31
Female,31,96,23
Male,48,46,59
Female,30,57,57
Male,38,48,18
Male,24,63,81
Female,55,98,33
Female,31,36,1
Female,60,63,89
Female,39,70,47
Female,19,39,61
Female,36,59,93
Male,24,109,24
Male,47,15,62
Female,35,49,80
Female,41,67,26
Female,33,50,87
Female,31,136,13
Male,25,74,47
Male,50,33,22
Male,36,15,68
Female,34,69,25
Female,36,40,34
Female,29,94,27
Female,34,53,19
Female,41,45,30
Female,24,45,49
Male,26,86,47
Female,58,71,44
Female,33,106,32
Female,31,54,41
Female,20,83,9
Male,50,83,32
Female,24,78,44
Male,38,47,57
Female,18,72,54
Female,50,58,18
Female,55,57,61
Female,45,39,53
Male,18,15,87
Male,50,93,11
Female,27,71,46
Female,22,25,76
Female,33,79,42
Female,33,93,26
Male,31,80,29
Female,56,37,70
Female,66,41,10
Male,19,46,41
Male,29,83,27
Male,40,73,29
Male,33,133,61
Female,44,17,39
Female,51,59,56
Male,49,15,18
Female,47,76,71
Male,62,88,55
Female,18,98,82
Female,59,65,39
Female,33,15,61
Female,49,59,70
Male,24,72,61
Female,26,34,94
Male,48,53,7
Female,18,27,54
Male,52,44,39
Female,56,84,37
Female,41,78,88
Female,40,23,34
Male,27,42,72
Male,48,62,22
Male,43,66,76
Male,25,43,49
Male,33,73,42
Female,36,59,10
Female,33,15,42
Female,19,45,32
Female,48,44,95
Male,35,78,51
Female,39,78,34
Male,30,16,33
Female,45,72,15
Female,41,58,89
Male,55,63,82
Male,45,44,48
Female,36,58,100
Male,28,90,49
Female,50,63,78
Male,34,59,64
Male,36,47,35
Female,36,88,54
Male,33,26,59
Female,36,39,16
Female,65,25,57
Male,24,65,79
Female,27,91,32
Male,58,51,44
Female,33,32,21
Male,32,103,37
Female,53,72,39
Male,19,67,90
Male,50,55,42
Female,39,78,36
Male,45,67,47
Female,45,47,6
Male,30,52,1
Female,53,33,14
Female,31,30,58
Female,44,52,50
Male,56,90,72
Female,58,33,10
Female,35,82,44
Male,45,39,9
Female,33,15,57
Female,70,74,14
Female,49,103,43
Female,40,38,55
Female,43,19,40
Female,44,72,1
Female,44,36,93
Male,35,74,37
Female,33,90,8
Female,36,69,69
Male,22,81,70
Male,48,82,42
Male,27,86,89
Female,24,61,31
Male,38,81,54
Male,37,64,63
Female,42,70,89
Female,30,140,1
Male,33,66,100
Male,48,21,80
Male,47,55,61
Male,47,52,29
Female,39,53,27
Male,41,85,57
Male,42,90,62
Male,29,57,59
Male,59,24,54
Female,57,63,61
Female,49,46,1
Male,32,66,43
Female,46,57,14
Female,52,92,49
Female,21,67,83
Female,62,46,26
Male,18,24,31
Male,48,59,28
Female,59,59,31
Male,37,53,64
Male,36,80,70
Female,48,24,88
Female,64,40,24
Female,34,61,67
Female,27,45,72
Female,32,51,92
Female,18,58,26
Female,51,78,1
Female,31,57,43
Male,35,15,100
Female,51,44,21
Male,33,73,62
Male,49,80,1
Female,24,82,97
Male,52,89,1
Male,43,63,1
Female,37,67,52
Female,40,33,53
Male,20,15,86
Female,40,23,72
Female,36,42,1
Male,21,24,46
Male,29,52,32
Male,37,48,15
Female,30,85,61
Female,18,35,77
Female,53,64,29
Female,36,49,41
Female,18,34,43
Male,68,41,33
Male,56,15,39
Female,33,80,33
Male,27,97,53
Female,44,53,35
Male,41,61,61
Female,46,52,34
Male,27,39,66
Female,54,79,34
Female,32,68,65
Male,48,15,28
Female,27,33,73
Female,70,15,4
Female,48,101,50
Female,70,56,35
Female,50,66,49
Female,31,51,19
Female,50,89,45
Male,51,83,21
Female,44,54,44
Male,47,105,41
Male,49,65,58
Male,24,22,51
Male,23,63,98
Male,27,74,37
Female,40,57,46
Female,35,49,100
Female,25,106,44
Female,49,29,74
Female,42,15,65
Male,41,103,100
Female,35,28,13
Male,33,53,10
Male,27,50,21
Female,51,92,54
Female,29,98,24
Female,41,26,1
Female,62,96,26
Female,34,95,59
Female,52,61,26
Male,46,85,79
Male,43,87,21
Male,44,53,50
Female,37,56,40
Female,39,76,55
Female,31,17,57
Female,39,51,91
Male,30,29,68
Female,52,97,39
Female,18,50,66
Female,45,67,69
Male,43,54,100
Female,42,53,46
Female,53,66,48
Female,34,41,84
Female,42,55,1
Female,18,55,44
Female,33,49,68
Female,50,70,77
Female,20,48,1
Female,41,102,15
Female,29,77,1
Male,37,25,72
Female,30,75,55
Female,21,42,86
Female,44,64,50
Female,38,41,100
Female,47,15,25
Female,49,59,40
Female,55,22,60
Female,40,71,31
Male,56,65,60
Female,25,44,47
Male,51,108,45
Male,45,28,46
Female,42,44,68
Female,45,31,41
Female,25,114,21
Male,22,96,51
Male,62,23,33
Female,36,38,24
Male,36,39,5
Male,23,46,74
Female,18,33,67
Male,37,44,86
Female,34,86,50
Male,38,111,78
Male,40,19,25
Male,70,33,1
Female,34,66,30
Female,60,19,44
Male,61,66,59
Female,49,74,83
Female,35,78,58
Male,19,74,100
Female,45,46,53
Female,53,55,52
Male,63,29,58
Female,25,72,59
Male,35,102,59
Male,25,72,18
Female,30,42,72
Male,48,86,100
Male,29,122,27
Female,27,66,49
Female,49,75,14
Male,45,78,69
Female,43,18,69
Female,29,49,11
Male,56,47,16
Female,39,82,1
Male,70,79,90
Male,41,57,28
Female,18,45,46
Male,18,16,40
Female,47,60,75
Female,57,35,67
Male,27,32,65
Female,68,84,29
Female,62,82,67
Female,41,47,74
Female,46,19,67
Male,51,38,16
Female,65,86,21
Female,48,72,95
Female,41,48,100
Male,48,62,48
Male,46,15,48
Male,51,15,54
Male,18,112,65
Female,43,73,12
Female,45,60,56
Female,37,50,23
Female,49,15,49
Male,65,86,27
Female,40,30,33
Male,48,79,54
Female,61,64,34
Male,41,59,21
Male,26,26,87
Female,47,26,22
Male,18,70,1
Female,18,62,64
Male,43,61,42
Male,18,68,49
Female,20,15,54
Female,33,87,83
Male,28,51,98
Female,36,91,56
Male,54,15,19
Female,42,75,53
Female,27,75,65
Female,57,21,76
Male,18,43,53
Male,41,32,35
Male,18,83,26
Female,42,68,47
Male,34,102,11
Female,53,65,60
Female,48,79,54
Female,30,91,54
Female,27,75,68
Male,34,50,87
Female,65,45,48
Female,61,58,52
Female,25,81,40
Male,50,40,64
Female,18,77,50
Female,32,69,80
Female,25,27,79
Male,53,76,58
Female,20,64,48
Male,44,46,43
Female,38,63,62
Female,36,47,62
Female,62,67,43
Female,63,56,57
Female,36,20,30
Male,34,56,61
Female,18,48,32
Male,38,77,70
Female,66,83,42
Female,37,47,93
Female,49,39,51
Female,19,16,56
Female,32,39,14
Female,45,52,86
Male,40,25,49
Female,50,84,95
Male,30,67,51
Female,18,57,44
Female,54,60,36
Male,25,68,66
Female,45,77,63
Female,45,81,15
Male,18,52,35
Male,53,56,68
Male,30,65,33
Male,39,55,29
Female,33,83,55
Female,61,92,52
Female,57,69,38
Male,18,36,95
Male,70,73,46
Female,29,70,17
Female,68,34,8
Female,35,70,76
Female,34,46,21
Female,35,80,50
Female,33,73,27
Female,70,66,47
Female,37,61,59
Female,34,15,14
Male,39,28,38
Male,25,57,32
Male,61,100,25
Male,18,75,40
Male,30,108,34
Male,51,62,72
Female,39,59,31
Female,46,97,61
Female,60,56,60
Male,52,34,11
Male,40,68,37
Female,68,90,47
Female,30,38,57
Male,37,76,44
Female,38,58,77
Female,37,72,52
Female,23,68,61
Male,18,49,34
Male,44,57,62
Female,30,51,100
Female,65,63,63
Male,37,38,78
Female,35,44,42
Male,54,49,74
Female,44,70,76
Female,36,23,56
Male,29,57,48
Female,70,41,11
Male,43,49,49
Male,53,43,64
Female,24,65,30
Male,30,56,17
Male,68,79,52
Female,58,71,56
Female,45,20,15
Male,33,35,51
Female,35,56,57
Male,29,59,84
Female,22,37,37
Female,51,94,100
Male,46,83,51
Female,49,17,19
Female,34,69,41
Female,42,59,21
Male,32,93,45
Female,28,19,62
Female,62,114,57
Male,40,38,21
Female,45,70,17
Female,50,44,61
Female,40,50,66
Female,42,16,37
Female,23,91,1
Male,26,53,20
Male,25,55,75
Male,47,121,31
Male,39,85,41
Female,26,43,64
Female,46,44,42
Female,46,67,86
Female,29,80,40
Female,38,106,27
Male,46,18,80
Male,26,79,51
Female,46,83,22
Male,43,39,62
Female,24,51,42
Female,41,17,20
Female,43,47,52
Female,30,66,46
Male,31,102,6
Female,24,104,22
Female,32,33,98
Male,38,98,52
Female,31,15,84
Male,18,45,58
Female,29,52,82
Female,33,67,64
Female,50,63,25
Female,47,70,65
Male,50,55,25
Female,28,85,74
Female,40,78,55
Male,18,52,50
Male,44,82,38
Male,47,114,70
Male,33,42,46
Male,42,104,1
Male,18,45,5
Female,27,97,17
Female,49,46,70
Male,45,80,72
Female,33,65,58
Male,50,15,58
Female,40,110,87
Female,31,37,59
Female,36,27,66
Female,32,43,49
Female,22,127,38
Male,56,27,42
Male,30,65,100
Male,27,31,22
Male,18,35,58
Male,18,18,11
Female,48,68,34
Female,49,56,70
Female,55,30,3
Male,36,83,73
Male,34,86,100
Male,31,71,59
Male,33,91,82
Female,54,51,56
Female,38,69,68
Female,44,51,61
Male,32,20,37
Female,57,66,34
Female,18,64,80
Female,21,59,49
Female,44,70,46
Female,63,97,46
Female,35,55,58
Female,27,35,19
Female,52,54,45
Female,43,56,58
Female,56,86,17
Female,20,63,55
Male,55,30,27
Female,18,81,58
Male,34,77,100
Female,44,63,47
Female,41,85,22
Male,53,89,56
Female,18,50,62
Male,40,36,26
Male,55,60,5
Female,39,74,26
Female,22,57,48
Female,52,34,38
Female,29,64,78
Female,27,15,63
Female,25,52,52
Male,36,82,5
Male,41,84,66
Female,21,15,100
Female,23,55,72
Female,29,76,33
Male,25,29,46
Male,39,50,62
Male,43,92,86
Male,41,47,31
Male,41,102,38
Male,62,41,49
Male,44,97,46
Female,49,61,70
Female,33,37,56
Female,52,97,14
Female,32,28,33
Female,44,39,33
Female,19,73,1
Female,41,62,74
Female,25,67,53
Female,51,50,36
Male,51,29,73
Female,32,43,57
Male,67,95,16
Male,34,25,65
Female,18,103,85
Male,27,68,46
Female,24,44,48
Female,44,15,52
Male,21,15,18
Male,31,51,53
Male,43,48,27
Male,40,63,50
Female,38,105,54
Female,40,74,63
Male,33,57,64
Female,18,92,26
Male,33,64,55
Female,45,102,74
Male,36,42,20
Male,44,30,95
Female,30,15,25
Male,52,57,92
Female,18,28,25
Female,40,27,48
Male,57,87,45
Female,59,15,14
Female,35,63,68
Female,20,58,69
Male,57,62,66
Male,38,96,43
Male,36,38,32
Female,26,96,78
Female,21,15,55
Female,46,77,30
Male,48,99,55
Male,41,15,6
Female,28,59,52
Female,23,57,67
Female,18,62,45
Male,31,105,68
Female,24,40,71
Male,18,29,57
Female,47,62,95
Female,20,90,85
Female,52,75,66
Female,44,61,59
Female,42,54,43
Male,62,15,33
Female,20,75,70
Male,51,79,45
Female,34,42,24
Male,70,48,29
Female,33,33,32
Female,31,83,95
Female,44,50,72
Male,35,56,51
Female,28,77,60
Female,25,69,63
Male,59,75,27
Male,22,65,20
Female,41,65,77
Male,53,65,15
Male,54,72,49
Female,30,73,31
Female,35,28,55
Female,33,44,43
Male,18,55,63
Female,46,72,1
Female,39,102,79
Female,58,39,69
Female,27,83,76
Male,54,45,73
Female,55,96,58
Female,39,110,33
Female,18,15,61
Female,31,51,57
Male,63,15,72
Female,42,16,66
Female,48,17,52
Female,37,76,61
Female,35,72,63
Female,18,81,78
Male,49,76,95
Male,53,73,65
Male,25,63,63
Male,36,57,44
Female,34,87,41
Female,44,60,31
Female,31,74,1
Female,51,15,28
Female,39,29,45
Male,18,86,42
Male,45,43,61
Female,52,23,29
Female,22,77,30
Male,44,60,1
Male,64,49,62
Female,40,100,27
Female,54,95,31
Female,32,55,64
Female,38,79,27
Male,35,15,60
Female,33,89,19
Male,36,32,49
Female,18,22,34
Male,34,15,43
Female,57,15,89
Female,25,88,7
Female,23,77,86
Female,39,40,26
Female,40,83,72
Female,44,44,77
Female,37,69,61
Female,39,47,18
Female,33,57,57
Male,21,36,100
Female,37,40,50
Male,48,74,47
Male,46,79,45
Male,18,49,63
Female,42,20,47
Female,26,125,57
Male,58,61,42
Female,43,68,23
Male,51,27,100
Male,39,92,47
Male,37,96,100
Male,59,15,61
Male,52,57,65
Female,40,55,42
Female,36,123,34
Female,18,98,42
Female,43,22,28
Female,37,41,26
Female,46,37,96
Female,50,70,70
Female,56,101,88
Male,43,63,79
Female,24,73,34
Female,18,43,10
Male,27,73,38
Male,57,48,52
Female,64,17,79
Female,35,71,48
Female,18,60,100
Female,29,31,39
Female,54,103,65
Female,30,40,34
Female,47,76,60
Male,41,51,46
Male,48,101,43
Male,64,54,34
Female,47,16,54
Female,40,81,71
Female,65,100,25
Male,43,49,48
Female,27,78,62
Male,48,63,67
Female,45,50,98
Female,34,82,65
Female,31,39,39
Female,34,61,35
Female,31,67,35
Male,35,66,33
Male,27,40,55
Female,44,114,61
Male,43,93,71
Female,43,86,67
Male,37,98,82
Female,36,62,32
Male,58,50,92
Male,39,31,33
Female,56,42,59
Female,24,33,45
Male,47,46,49
Male,28,67,67
Female,31,84,13
Male,33,83,28
Female,32,29,69
Male,32,78,50
Female,55,90,43
Female,39,53,21
Female,41,92,43
Female,32,83,67
Male,50,27,35
Female,43,118,85
Male,34,41,78
Female,18,85,41
Female,41,84,34
Male,46,28,1
Female,25,65,22
Female,34,84,20
Female,46,28,13
Female,18,63,49
Female,29,86,58
Female,44,88,97
Female,54,50,51
Female,69,101,1
Female,66,94,30
Female,40,66,65
Male,32,43,48
Male,51,29,72
Female,31,70,36
Female,28,99,79
Female,34,56,56
Male,32,37,57
Female,44,82,54
Female,30,65,30
Female,40,74,48
Male,61,46,57
Male,40,50,14
Female,60,46,52
Male,55,73,81
Male,47,51,61
Female,33,76,85
Female,53,44,60
Female,35,73,27
Female,38,79,70
Female,43,69,20
Male,38,84,44
Male,28,47,43
Male,18,78,32
Male,52,66,100
Female,46,39,48
Female,18,15,96
Female,28,16,59
Female,41,15,29
Female,45,71,39
Female,18,52,49
Female,37,62,41
Female,46,55,43
Female,33,75,65
Male,42,76,59
Female,32,61,68
Male,51,63,89
Female,27,64,38
Female,22,97,78
Male,39,15,86
Male,18,42,83
Female,18,83,4
Female,53,89,96
Male,25,71,33
Female,20,55,2
Female,27,109,95
Female,26,65,63
Male,36,61,64
Female,23,95,41
Female,45,73,54
Male,47,85,46
Female,21,88,34
Female,30,50,50
Male,31,106,53
Female,36,15,16
Female,53,15,51
Female,54,42,4
Female,70,49,99
Male,18,70,47
Male,25,42,22
Male,64,60,63
Female,18,55,30
Male,63,113,49
Male,40,39,61
Female,41,16,23
Female,20,89,100
Female,32,41,100
Female,63,58,36
Female,38,43,21
Female,32,79,36
Female,44,24,37
Male,36,15,78
Female,43,94,36
Female,26,67,20
Female,37,88,52
Male,29,93,11
Male,18,36,77
Female,45,62,65
Male,21,73,34
Female,36,57,37
Female,51,52,56
Male,18,54,21
Male,47,89,29
Male,34,53,44
Male,25,76,16
Female,67,69,38
Female,38,35,22
Male,30,68,87
Female,27,20,39
Female,51,71,25
Male,30,83,67
Female,49,90,33
Female,38,35,21
Male,54,46,73
Male,24,68,41
Female,26,48,71
Female,34,15,49
Male,36,46,53
Female,33,67,64
Female,70,88,33
Male,67,104,29
Female,43,63,81
Female,44,75,65
Male,35,85,48
Female,24,15,70
Female,36,33,64
Male,49,63,74
Male,57,101,20
Female,52,77,48
Female,18,69,79
Female,34,54,93
Female,18,71,36
Female,55,44,54
Male,33,40,50
Female,38,42,18
Female,45,95,42
Male,70,38,9
Male,42,50,45
Male,35,72,23
Male,21,37,54
Female,59,66,42
Male,36,66,41
Female,61,44,90
Female,54,53,52
Male,32,35,98
Female,19,96,61
Female,42,67,71
Male,30,33,27
Female,39,63,32
Male,53,65,50
Male,18,15,81
Female,42,95,40
Female,49,34,13
Male,50,115,60
Male,19,81,51
Male,44,30,35
Male,55,52,40
Female,43,84,27
Female,37,54,74
Female,54,91,50
Female,29,50,56
Male,18,58,34
Female,36,85,84
Male,46,76,55
Male,53,36,1
Male,46,71,62
Female,50,64,43
Male,53,36,45
Female,34,24,75
Male,36,15,52
Male,56,52,94
Female,21,59,52
Male,44,73,38
Female,28,82,3
Female,54,49,31
Male,38,58,41
Female,38,40,88
Male,63,62,38
Female,23,85,92
Female,41,63,20
Female,36,91,30
Male,46,85,79
Female,65,98,34
Female,30,63,78
Male,22,46,28
Female,27,76,31
Female,35,50,66
Male,39,76,29
Female,40,43,43
Female,64,38,60
Male,61,92,43
Female,57,33,35
Female,70,87,19
Male,50,75,87
Male,54,63,92
Female,50,15,58
Male,47,99,44
Male,44,36,45
Female,33,85,71
Female,21,42,76
Female,37,40,36
Male,46,78,77
Female,39,74,66
Male,23,30,77
Female,36,98,8
Female,35,55,39
Female,37,62,45
Male,45,52,38
Male,48,31,99
Female,31,79,39
Female,52,68,62
Male,54,39,54
Male,43,85,42
Male,48,62,31
Female,52,62,100
Female,23,107,44
Female,53,18,72
Male,27,17,49
Male,29,23,38
Male,41,70,52
Female,18,51,58
Female,41,53,38
Female,52,35,30
Female,18,104,62
Female,54,113,53
Male,29,84,33
Male,41,20,25
Female,31,47,59
Female,46,82,1
Female,53,59,43
Female,47,84,53
Female,38,93,95
Male,32,110,50
Male,37,43,42
Female,48,62,57
Female,48,48,31
Male,46,15,44
Female,20,78,50
Male,38,75,66
Female,30,46,32
Female,48,18,50
Female,28,50,3
Female,45,79,63
Male,34,95,44
Female,18,41,98
Male,51,89,59
Male,38,76,27
Female,56,71,21
Female,18,26,67
Female,34,27,96
Male,35,38,88
Female,42,51,18
Female,20,107,55
Male,46,43,79
Female,65,80,15
Female,45,48,76
Male,40,72,32
Female,19,58,44
Female,28,65,57
Male,38,70,77
Male,31,54,89
Male,53,70,41
Female,46,92,37
Male,70,40,36
Male,25,91,70
Male,39,53,75
Female,19,50,73
Female,18,78,57
Male,48,51,59
Female,45,68,44
Male,26,66,46
Male,40,15,72
Female,30,71,57
Male,31,22,37
Female,34,24,78
Male,26,70,34
Female,28,74,53
Male,29,92,18
Female,44,31,25
Female,18,41,50
Female,35,72,32
Female,23,92,44
Female,24,65,81
Female,31,37,46
Female,38,100,73
Female,35,53,30
Female,23,54,64
Male,48,22,24
Female,26,79,43
Male,28,82,65
Male,42,42,50
Female,43,106,74
Female,30,45,67
Female,18,76,42
Male,26,66,83
Female,41,15,61
Female,48,74,43
Female,37,72,53
Male,32,15,52
Male,70,100,55
Male,33,72,46
Male,47,93,59
Female,20,15,70
Male,23,49,61
Male,47,91,60
Male,53,19,47
Female,33,50,27
Male,18,71,21
Female,36,15,31
Female,41,25,39
Female,40,96,93
Male,30,62,82
Female,36,91,34
Female,28,65,61
Female,23,125,48
Male,49,72,56
Male,40,93,36
Female,36,54,100
Female,31,66,98
Male,36,77,42
Male,41,81,34
Female,62,59,74
Male,47,60,18
Female,29,73,72
Female,29,73,53
Female,27,33,13
Male,36,66,46
Female,27,68,33
Female,45,34,54
Male,18,84,51
Male,46,71,15
Female,42,121,41
Male,56,59,65
Male,51,90,69
Male,29,74,40
Male,49,111,62
Female,36,35,57
Female,18,47,48
Female,41,35,62
Male,30,58,26
Female,38,31,50
Female,61,20,8
Female,41,15,48
Female,24,15,86
Female,52,77,41
Male,43,48,84
Female,22,28,42
Male,18,43,22
Female,25,46,67
Female,50,35,62
Male,34,102,100
Male,39,97,24
Female,20,102,59
Male,50,65,60
Female,18,67,77
Male,29,43,63
Male,44,38,42
Female,23,61,22
Male,47,77,59
Female,26,91,59
Male,21,46,66
Male,56,27,42
Female,41,79,57
Male,46,15,10
Male,53,59,23
Female,18,62,74
Female,47,50,54
Male,28,19,62
Female,30,50,34
Female,44,103,31
Male,33,76,39
Male,47,91,56
Female,38,28,67
Male,41,67,43
Female,32,62,7
Female,23,63,60
Male,28,75,57
Female,37,64,62
Male,64,29,72
Female,59,76,70
Female,29,82,85
Male,39,95,50
Male,34,96,39
Male,40,73,77
Female,42,30,73
Male,46,20,44
Female,18,54,78
Female,43,84,52
Female,33,83,83
Female,29,67,94
Male,49,59,100
Female,59,110,51
Male,48,75,86
Male,31,58,72
Female,23,43,74
Female,18,34,61
Female,41,31,74
Female,46,34,14
Female,37,67,49
Male,51,60,33
Female,20,51,31
Male,36,79,13
Female,35,108,36
Male,37,38,45
Male,55,42,54
Female,37,15,49
Female,34,59,77
Female,25,57,27
Male,57,84,1
Male,18,58,63
Female,31,45,48
Female,62,65,48
Female,45,75,31
Male,38,18,73
Male,39,87,39
Female,25,94,27
Male,37,74,93
Female,33,36,68
Male,41,51,49
Female,18,91,1
Female,44,34,44
Female,53,77,49
Male,36,59,87
Female,47,64,5
Male,43,38,90
Female,30,69,61
Male,24,67,19
Female,26,20,74
Female,42,60,43
Male,38,76,7
Male,56,50,38
Male,49,15,56
Female,49,57,51
Female,42,99,66
Male,25,51,78
Female,43,98,21
Male,39,39,49
Female,22,30,34
Female,55,60,17
Male,54,38,48
Female,22,69,61
Male,29,50,62
Female,31,99,39
Male,47,48,24
Female,45,62,33
Female,39,76,1
Female,42,85,19
Male,20,99,21
Female,44,54,72
Female,37,50,72
Female,29,15,100
Female,18,114,56
Female,39,70,37
Female,43,80,50
Male,18,75,45
Male,39,61,33
Male,40,69,58
Male,31,45,55
Female,44,52,48
Female,36,35,42
Male,42,101,66
Male,46,75,35
Female,46,112,39
Female,53,120,62
Male,43,23,76
Female,32,86,73
Male,29,24,43
Male,23,65,17
Female,40,68,42
Female,57,26,52
Female,33,41,21
Male,45,70,42
Female,28,65,81
Male,41,33,54
Male,56,42,36
Female,48,21,50
Female,18,28,52
Male,46,50,40
Female,47,86,70
Male,41,89,2
Male,48,108,62
Female,27,71,35
Female,39,65,77
Male,54,73,17
Female,53,73,74
Male,46,18,29
Male,26,110,58
Male,24,15,38
Female,40,90,79
Female,41,62,45
Female,37,31,31
Male,27,74,86
Female,44,57,42
Female,40,42,63
Female,42,24,74
Female,47,22,27
Male,35,44,61
Male,32,50,64
Male,54,28,10
Male,28,61,58
Male,32,32,41
Female,56,70,92
Female,31,92,72
Male,37,68,61
Male,33,58,1
Female,18,46,61
Female,37,98,30
Female,24,55,72
Female,42,125,46
Male,54,29,36
Female,18,68,38
Female,33,97,40
Female,45,42,15
Female,18,54,18
Female,57,77,41
Female,44,70,90
Female,53,75,68
Female,30,91,70
Female,32,51,81
Male,36,98,57
Female,68,15,38
Female,57,88,39
Female,40,90,28
Female,42,40,71
Male,47,22,26
Female,70,54,100
Male,44,71,26
Male,39,51,81
Male,34,73,81
Female,42,111,66
Female,30,24,92
Male,45,15,45
Male,18,58,53
Male,35,42,55
Male,49,47,65
Female,44,93,3
Male,32,57,47
Male,35,59,72
Female,53,49,40
Female,21,59,100
Male,22,67,53
Male,25,133,63
Male,38,67,90
Female,19,91,53
Female,52,65,89
Male,25,15,65
Male,41,45,65
Male,30,67,27
Female,37,79,78
Female,18,66,34
Female,52,84,45
Male,25,22,82
Female,23,61,40
Male,70,95,59
Male,46,35,48
Male,52,89,49
Male,45,88,46
Female,32,28,23
Female,20,69,64
Male,34,64,66
Male,25,55,35
Female,26,20,38
Female,18,53,73
Male,40,56,43
Female,60,15,52
Female,46,26,27
Female,37,36,48
Male,38,33,27
Female,18,69,34
Female,32,84,30
Female,18,52,72
Female,40,80,15
Female,35,85,57
Female,26,58,44
Female,40,71,86
Female,40,54,70
Female,60,31,18
Male,48,40,35
Male,41,69,49
Female,25,57,35
Female,23,79,73
Female,47,15,54
Female,36,17,45
Male,42,20,75
Female,52,64,19
Male,18,24,43
Male,58,68,56
Male,52,80,46
Female,18,100,1
Female,70,97,58
Female,43,42,63
Female,32,16,24
Male,46,43,1
Female,25,86,32
Female,46,50,44
Female,27,59,47
Female,67,45,1
Male,39,102,55
Female,47,33,76
Male,27,62,74
Female,50,89,81
Male,38,108,18
Male,19,42,72
Male,35,85,26
Female,65,43,70
Female,50,96,31
Female,33,105,59
Male,18,37,89
Female,27,77,74
Male,19,89,26
Female,18,52,20
Female,49,74,70
Female,39,76,84
Female,63,113,61
Female,24,15,36
Female,38,59,51
Female,19,27,61
Male,30,60,47
Male,35,39,26
Male,33,53,77
Female,39,37,98
Male,52,64,87
Female,50,88,1
Female,28,50,80
Female,38,98,65
Female,49,87,33
Female,53,113,1
Male,29,71,47
Female,48,58,59
Female,43,18,21
Female,23,40,82
Male,50,55,81
Male,40,58,62
Female,18,122,14
Male,34,55,43
Male,39,15,68
Female,30,78,67
Male,56,76,32
Female,56,48,35
Female,33,116,31
Female,31,15,42
Female,37,93,37
Female,36,52,32
Female,30,35,46
Male,18,123,51
Male,63,79,78
Male,38,52,4
Female,36,52,81
Male,43,67,30
Female,37,48,98
Female,32,94,67
Female,24,62,64
Female,18,87,47
Female,19,66,100
Male,23,83,49
Female,47,95,89
Male,48,104,35
Female,26,73,68
Male,18,37,99
Male,38,56,28
Male,32,59,62
Female,32,45,31
Female,52,41,61
Male,40,65,99
Female,25,34,26
Male,21,29,54
Female,35,16,28
Male,26,73,46
Female,37,69,66
Female,53,52,42
Female,19,86,90
Female,40,34,62
Female,51,70,16
Female,37,61,58
Male,48,41,87
Male,34,47,64
Male,41,45,56
Male,45,67,42
Male,30,76,47
Female,66,49,50
Male,46,41,1
Male,57,64,62
Female,53,17,75
Male,43,61,30
Male,58,101,56
Female,41,42,59
Female,28,55,71
Male,39,87,50
Female,24,80,64
Female,18,62,20
Female,26,59,24
Male,39,28,61
Female,53,73,44
Female,26,25,9
Female,52,15,59
Male,21,87,17
Male,26,70,100
Female,59,83,1
Male,39,41,51
Male,36,72,21
Male,42,49,73
Female,21,51,39
Female,34,86,76
Female,38,56,70
Male,56,42,22
Female,18,24,31
Female,63,70,41
Female,37,88,48
Female,23,39,45
Male,20,78,69
Female,42,35,56
Male,20,80,34
Female,31,61,26
Female,35,67,29
Male,54,42,58
Female,53,69,45
Male,29,44,100
Male,35,49,50
Female,18,20,55
Male,18,40,3
Female,21,46,15
Female,54,68,21
Male,49,76,36
Female,44,44,11
Male,18,56,20
Male,28,104,67
Female,26,64,27
Female,36,46,49
Female,35,16,65
Male,24,38,74
Female,43,37,57
Female,42,112,59
Female,28,38,75
Female,43,61,60
Female,54,70,76
Female,58,89,1
Female,45,60,48
Female,45,47,51
Female,35,45,47
Male,53,69,53
Male,23,42,39
Male,51,31,70
Female,34,47,36
Male,59,25,44
Female,47,109,87
Female,37,76,83
Female,35,103,54
Female,46,73,33
Male,45,100,7
Female,33,70,46
Female,40,79,63
Female,51,15,31
Female,19,36,50
Male,48,61,41
Female,46,62,5
Male,55,58,53
Female,28,72,61
Male,38,73,54
Male,41,83,91
Male,49,78,41
Female,44,92,39
Female,21,92,100
Female,42,65,17
Female,66,115,34
Female,47,96,59
Female,61,39,79
Male,53,70,74
Female,57,15,23
Male,43,16,92
Female,46,47,62
Female,42,37,29
Female,38,47,31
Male,49,69,52
Female,31,92,100
Female,65,91,55
Female,25,71,100
Female,50,32,72
Female,58,45,17
Male,36,77,86
Female,23,38,25
Female,54,27,34
Female,41,73,57
Male,50,59,49
Female,37,55,73
Female,63,89,63
Female,18,89,47
Female,44,107,94
Female,57,43,37
Female,40,71,24
Female,43,61,62
Male,32,69,49
Female,39,30,56
Male,18,23,69
Female,28,59,45
Female,27,38,98
Male,48,85,57
Male,30,21,38
Male,31,23,65
Male,33,49,47
Female,28,20,53
Female,42,104,21
Female,44,55,24
Male,50,44,77
Male,47,72,18
Male,46,83,47
Female,34,65,58
Female,33,58,86
Male,26,34,37
Female,26,77,69
Male,41,97,47
Female,28,54,1
Male,59,38,51
Male,38,65,48
Male,59,60,61
Male,46,28,33
Female,27,47,36
Male,37,107,81
Male,18,25,41
Male,41,42,1
Female,29,35,62
Male,23,37,72
Female,60,48,72
Male,53,72,34
Female,52,94,50
Female,49,65,63
Female,21,42,75
Female,33,101,63
Male,34,15,70
Male,18,78,31
Male,31,33,1
Female,31,59,77
Male,40,75,25
Male,70,18,45
Female,38,64,71
Female,40,66,50
Female,35,98,68
Male,49,131,100
Female,23,19,64
Male,65,97,31
Male,37,59,12
Female,33,39,67
Female,52,70,52
Female,26,26,14
Female,48,27,80
Female,58,15,68
Female,35,74,49
Female,67,69,100
Male,47,39,76
Female,48,100,24
Female,57,43,80
Female,61,94,56
Female,42,63,99
Male,49,42,74
Male,58,57,62
Female,22,27,61
Male,18,66,19
Male,38,61,36
Female,18,74,55
Female,34,83,14
Female,43,63,62
Female,34,21,31
Female,36,85,40
Male,24,60,68
Male,49,15,35
Female,23,68,62
Female,18,70,53
Female,35,51,22
Male,51,55,72
Male,39,44,74
Female,22,71,75
Male,40,64,99
Female,44,36,39
Male,40,103,1
Male,35,43,33
Female,45,15,74
Female,18,48,48
Female,26,87,13
Female,20,55,6
Female,57,17,86
Female,48,33,65
Female,41,32,37
Female,18,45,98
Female,49,53,100
Female,58,73,76
Female,46,63,69
Male,38,65,63
Male,47,107,72
Female,42,83,100
Female,51,80,25
Male,51,15,41
Male,35,40,48
Male,29,18,65
Female,33,40,90
Male,46,81,60
Male,34,50,66
Female,28,88,67
Male,38,78,50
Male,54,61,39
Female,40,89,52
Female,34,96,33
Female,43,72,33
Male,40,66,59
Male,18,77,37
Male,48,23,97
Male,44,57,53
Male,39,59,85
Male,53,50,18
Female,55,39,18
Female,50,86,47
Female,26,65,74
Female,27,67,37
Male,54,97,47
Female,18,55,76
Male,36,50,40
Male,44,96,30
Male,18,21,68
Male,42,61,16
Male,52,41,40
Female,18,68,53
Male,62,75,63
Female,24,77,71
Female,46,87,75
Female,37,53,42
Female,39,55,74
Female,20,74,63
Female,56,83,68
Female,43,26,33
Female,61,68,67
Female,21,50,46
Female,36,62,51
Female,41,51,54
Male,39,41,100
Female,48,33,26
Female,36,56,80
Female,68,69,87
Male,39,44,71
Male,18,91,36
Male,40,125,94
Male,56,71,41
Female,25,59,67
Male,25,36,53
Female,27,70,40
Male,23,99,64
Female,32,111,98
Female,51,97,56
Female,60,82,100
Male,18,71,45
Female,33,33,52
Female,43,57,18
Male,41,54,35
Female,65,58,44
Male,18,41,41
Male,18,80,25
Female,67,53,30
Male,49,51,42
Male,30,41,80
Male,41,66,11
Female,42,99,1
Female,30,60,4
Female,40,67,28
Male,43,111,66
Male,67,92,40
Female,52,75,40
Male,63,74,40
Female,20,44,1
Male,33,42,72
Female,42,64,84
Female,18,64,41
Male,55,38,52
Male,47,79,53
Female,33,53,22
Female,36,90,38
Male,56,59,96
Male,27,56,50
Female,56,35,55
Female,35,38,32
Male,49,95,39
Male,40,67,66
Female,70,70,28
Male,26,102,92
Female,30,25,8
Male,18,78,33
Male,23,18,11
Female,48,49,84
Male,61,30,49
Male,50,83,42
Male,38,15,60
Female,26,54,86
Male,51,30,55
Male,25,38,79
Male,20,42,42
Female,34,95,25
Female,18,51,56
Male,19,105,32
Female,65,111,67
Female,18,116,39
Female,22,59,48
Female,39,66,1
Female,40,70,46
Male,35,50,43
Male,18,71,80
Male,50,35,72
Female,32,15,50
Female,55,79,8
Female,29,51,38
Female,52,34,80
Male,56,38,45
Male,32,100,22
Male,51,72,79
Male,20,20,8
Male,42,29,47
Female,55,52,64
Female,46,73,53
Male,70,39,18
Male,46,56,26
Female,33,63,32
Male,70,64,70
Male,61,15,54
Female,18,66,40
Female,27,15,60
Male,24,53,30
Male,47,47,69
Female,46,32,61
Male,46,82,44
Male,18,31,46
Female,29,46,41
Female,36,83,75
Female,18,46,55
Female,26,40,44
Male,57,53,25
Female,18,74,65
Male,59,98,64
Male,54,35,36
Male,34,38,39
Male,29,53,47
Male,50,66,20
Male,27,40,52
Female,28,78,7
Female,38,36,17
Female,18,15,37
Male,18,74,33
Male,34,77,61
Male,45,87,57
Male,27,15,85
Male,36,43,52
Male,18,53,55
Female,51,106,20
Male,41,56,20
Male,43,25,51
Female,45,68,52
Male,39,94,57
Female,32,89,82
Female,54,75,21
Female,41,67,93
Male,36,15,11
Female,38,61,59
Female,38,65,18
Male,36,56,68
Female,45,79,11
Male,25,55,1
Female,26,50,53
Male,46,87,46
Female,36,49,78
Male,52,62,52
Female,44,84,30
Female,31,34,36
Female,46,31,100
Male,55,96,27
Female,45,44,63
Female,48,78,60
Female,36,15,64
Female,52,15,62
Female,30,70,43
Male,43,57,4
Male,70,70,54
Female,46,109,49
Female,32,28,53
Female,32,61,64
Female,37,99,39
Male,50,31,34
Female,40,45,73
Female,29,15,41
Female,29,119,37
Female,40,15,35
Female,39,81,65
Male,45,25,44
Female,51,32,100
Female,70,88,51
Female,18,41,19
Female,48,77,38
Female,40,96,67
Female,18,65,34
Female,56,83,49
Female,44,62,75
Male,50,63,79
Male,18,43,36
Female,35,111,43
Male,23,80,52
Female,69,74,84
Female,54,80,21
Male,29,42,59
Male,18,85,51
Female,41,101,27
Female,54,24,82
Male,18,74,75
Male,25,62,89
Male,23,46,80
Male,50,31,50
Female,33,88,66
Male,34,66,58
Female,41,55,26
Male,26,74,16
Male,18,57,59
Female,57,42,52
Female,59,63,41
Female,41,59,47
Female,42,15,95
Female,56,44,1
Female,41,27,66
Female,32,17,71
Female,39,72,75
Female,58,42,14
Male,39,87,42
Female,29,15,41
Female,40,52,57
Female,48,44,21
Female,46,19,59
Female,46,60,27
Female,27,21,42
Male,49,66,84
Male,39,79,71
Male,28,67,53
Male,49,70,14
Male,32,87,58
Female,18,59,60
Male,24,38,1
Male,36,44,59
Female,46,45,22
Female,26,33,11
Male,35,81,21
Female,21,74,1
Male,52,16,39
Female,62,38,24
Female,61,31,79
Female,52,68,40
Male,50,88,31
Female,18,72,9
Female,41,42,39
Male,31,52,85
Male,51,23,90
Male,18,25,40
Female,41,82,48
Female,35,98,68
Female,54,41,23
Female,60,61,59
Female,25,79,100
Female,26,16,69
Male,42,33,69
Female,63,112,84
Male,39,35,73
Female,20,51,43
Female,30,44,19
Male,41,15,46
Male,42,62,25
Female,29,59,42
Male,30,65,27
Male,25,58,40
Female,54,48,11
Female,27,46,32
Male,32,47,60
Female,31,34,67
Female,18,38,61
Male,26,35,40
Male,56,75,53
Female,21,68,100
Female,25,61,31
Male,20,111,91
Male,37,36,12
Male,65,89,6
Female,36,53,46
Female,39,64,49
Female,27,78,21
Female,37,48,41
Female,56,32,60
Male,40,37,25
Female,68,15,76
Female,56,76,79
Male,37,75,82
Female,37,102,26
Female,61,71,30
Female,40,77,45
Female,58,58,43
Female,66,72,41
Male,35,89,69
Female,43,65,65
Male,52,46,27
Male,49,54,20
Female,49,80,18
Female,20,47,27
Male,26,83,72
Female,31,110,53
Female,55,84,74
Male,21,80,6
Female,60,69,57
Male,49,40,56
Female,54,37,81
Female,25,37,39
Male,39,75,37
Female,43,50,89
Male,42,59,45
Male,42,71,54
Male,34,38,62
Female,40,47,7
Male,53,69,51
Female,22,52,18
Male,60,55,47
Male,52,33,42
Female,25,55,37
Female,44,103,66
Male,51,48,52
Male,21,30,22
Female,39,85,21
Female,37,74,71
Male,29,66,49
Female,40,25,13
Male,30,29,39
Female,58,20,46
Male,30,71,18
Female,49,87,33
Female,18,72,73
Female,36,111,100
Male,39,48,58
Female,36,52,15
Female,33,63,44
Female,29,54,53
Female,49,73,70
Male,52,43,71
Female,37,23,85
Male,23,15,50
Female,63,73,50
Male,26,46,1
Female,18,29,24
Female,18,44,15
Male,40,111,28
Male,35,31,20
Male,53,79,22
Male,47,71,78
Male,42,95,1
Male,35,57,45
Female,54,19,72
Female,64,86,42
Male,52,53,84
Male,32,94,34
Male,49,81,95
Male,33,86,9
Male,23,122,84
Female,26,67,27
Male,33,98,87
Female,40,49,38
Male,67,74,78
Male,26,47,83
Female,57,73,35
Male,34,70,76
Female,18,15,49
Male,31,44,12
Female,55,66,63
Male,43,15,23
Female,44,58,33
Male,57,87,27
Male,24,94,59
Female,24,40,24
Female,18,96,18
Female,51,92,23
Female,46,15,31
Female,48,63,63
Female,22,66,73
Female,18,100,73
Female,20,68,49
Male,25,97,48
Male,60,40,45
Female,52,18,61
Female,32,43,79
Female,43,101,46
Female,29,84,63
Male,43,121,18
Female,22,22,72
Male,49,87,55
Male,26,80,23
Male,50,53,77
Male,32,80,18
Female,27,64,1
Female,61,72,72
Female,41,78,60
Male,34,86,18
Male,49,62,59
Male,20,107,80
Female,54,54,56
Female,36,110,100
Female,47,30,28
Female,18,34,1
Female,33,36,13
Female,38,85,1
Male,53,39,100
Male,48,99,50
Male,33,46,100
Female,43,71,41
Male,56,77,26
Male,36,33,5
Female,34,24,39
Female,18,67,72
Female,34,53,44
Male,18,73,8
Male,37,25,67
Female,52,51,71
Male,18,55,36
Female,56,15,33
Female,34,86,6
Female,38,40,66
Female,31,99,38
Female,18,42,1
Male,27,46,11
Female,68,27,64
Female,23,90,41
Female,18,72,20
Female,40,97,51
Female,37,55,28
Male,34,59,33
Male,39,16,43
Male,47,44,93
Female,30,65,93
Male,41,70,1
Female,53,108,48
Female,24,15,12
Female,18,66,22
Male,48,50,2
Male,70,62,27
Male,38,63,19
Male,41,55,76
Female,34,30,28
Male,61,25,1
Female,37,53,50
Male,36,23,45
Female,51,57,43
Female,32,53,65
Male,20,15,82
Male,51,111,43
Female,30,62,57
Female,25,15,43
Male,68,67,63
Male,36,55,12
Male,45,25,66
Male,39,68,57
Female,26,35,25
Female,48,65,100
Male,43,42,15
Female,29,36,58
Female,44,60,25
Female,31,17,65
Female,23,58,100
Female,22,77,70
Female,42,93,47
Female,33,89,74
Female,59,96,34
Female,38,48,62
Female,27,33,52
Female,41,81,18
Male,20,46,94
Female,37,60,82
Female,43,80,28
Male,41,113,76
Female,57,74,19
Male,70,65,62
Female,48,31,51
Female,55,91,93
Female,70,71,58
Male,24,51,10
Female,40,48,76
Female,32,49,38
Female,50,61,37
Female,42,22,50
Female,27,92,35
Male,39,87,96
Female,53,56,70
Male,20,49,20
Female,27,59,31
Female,25,64,16
Male,43,52,75
Male,56,86,48
Female,18,23,24
Male,40,41,90
Male,25,80,63
Male,52,69,54
Male,35,42,53
Male,40,71,15
Male,38,39,64
Female,54,52,39
Male,67,87,72
Female,22,85,66
Male,25,68,48
Female,43,32,46
Female,27,50,93
Female,51,63,15
Male,54,98,35
Female,31,15,79
Female,28,37,88
Female,35,90,46
Female,40,96,32
Male,43,58,32
Female,18,100,13
Female,25,41,100
Male,33,20,46
Male,27,81,62
Male,18,94,62
Male,18,94,88
Male,20,37,39
Male,37,65,41
Male,32,82,71
Male,30,68,3
Female,49,98,88
Male,49,49,95
Male,40,58,56
Male,40,66,25
Female,26,82,72
Male,28,55,45
Male,18,84,53
Male,35,102,55
Female,49,46,33
Female,57,56,59
Male,35,85,12
Male,45,111,1
Female,18,77,59
Male,32,39,77
Female,32,65,36
Female,59,85,35
Female,44,39,66
Male,45,32,49
Male,45,51,35
Female,39,77,58
Female,60,24,50
Male,18,42,17
Female,40,67,47
Female,54,89,54
Female,18,68,36
Female,50,70,74
Male,28,86,62
Female,40,102,43
Male,27,99,53
Male,52,15,40
Male,34,63,44
Female,50,84,45
Female,44,105,4
Female,27,77,50
Male,45,37,58
Female,29,41,100
Male,39,42,61
Male,34,68,33
Female,51,47,7
Female,46,15,22
Female,38,29,37
Female,29,48,37
Female,21,24,44
Male,40,28,39
Male,30,114,44
Female,18,60,39
Female,20,50,50
Male,61,78,26
Female,29,90,17
Male,53,119,44
Female,33,105,61
Female,56,71,21
Female,55,20,35
Female,27,34,46
Female,18,50,45
Male,18,73,69
Female,27,63,74
Female,65,21,55
Female,33,17,81
Female,40,67,40
Male,57,63,71
Male,40,55,34
Male,39,73,57
Female,47,93,66
Female,42,68,51
Male,37,35,25
Female,28,110,7
Male,39,55,64
Male,54,61,43
Female,63,43,44
Female,42,32,88
Male,49,34,25
Female,42,28,69
Male,37,15,31
Male,46,56,45
Female,55,89,22
Female,26,34,30
Female,18,127,60
Male,31,96,83
Male,41,60,61
Male,51,31,58
Female,25,18,100
Female,18,57,64
Male,31,62,26
Female,36,55,6
Female,22,88,59
Female,28,99,13
Male,50,72,24
Female,39,74,58
Female,43,52,77
Female,33,60,42
Female,28,71,19
Female,33,52,46
Female,45,77,43
Female,18,32,53
Female,61,41,19
Female,46,33,28
Male,31,42,76
Male,50,53,69
Male,55,87,80
Male,34,61,2
Female,35,26,27
Male,59,23,75
Female,68,49,65
Female,39,82,60
Male,22,97,40
Male,32,18,34
Female,53,70,51
Female,24,50,38
Male,35,52,63
Female,42,32,51
Female,25,54,25
Female,54,31,66
Male,48,53,82
Female,66,90,84
Female,49,77,67
Female,25,110,67
Male,46,74,20
Female,52,65,32
Female,53,75,45
Female,27,40,65
Female,26,15,34
Male,22,81,42
Male,61,15,64
Male,47,90,53
Female,27,80,58
Female,40,38,30
Female,37,49,41
Male,25,60,38
Female,39,36,50
Female,41,74,39
Male,65,77,35
Male,29,22,53
Female,18,38,100
Male,24,59,65
Female,26,90,4
Male,32,77,59
Female,24,15,36
Female,50,52,25
Female,23,72,68
Female,39,39,52
Female,66,37,100
Female,46,40,47
Female,45,52,44
Male,64,34,81
Female,56,77,50
Male,46,37,22
Female,34,33,27
Male,38,50,41
Female,37,99,67
Female,33,74,83
Female,41,76,70
Female,43,68,64
Female,21,35,78
Female,61,43,66
Female,44,39,26
Female,35,89,44
Female,41,68,36
Male,51,16,82
Female,18,98,25
Male,37,51,26
Female,22,77,54
Male,70,88,100
Male,40,15,69
Male,22,72,77
Male,70,53,21
Female,31,15,67
Female,35,30,21
Male,36,48,69
Male,27,82,9
Male,42,55,41
Male,18,64,1
Female,54,51,27
Male,23,89,13
Female,33,74,67
Female,49,64,52
Female,35,30,38
Male,36,63,53
Male,24,133,28
Male,68,81,58
Female,46,41,48
Female,23,109,100
Female,41,39,92
Male,22,79,74
Male,62,59,57
Male,41,65,61
Female,25,66,82
Female,48,54,57
Female,34,50,59
Male,20,25,35
Male,44,31,32
Female,43,69,47
Male,54,42,1
Male,39,36,49
Male,40,134,43
Female,41,125,72
Male,61,75,81
Female,34,79,100
Male,45,39,65
Male,47,29,54
Female,43,51,35
Male,33,60,23
Female,40,79,73
Male,37,15,49
Female,66,116,61
Female,32,67,50
Female,26,19,51
Male,38,64,55
Male,37,36,61
Female,41,35,74
Male,32,32,18
Male,40,53,65
Male,40,115,16
Female,51,62,68
Male,40,78,58
Female,40,85,48
Female,46,56,49
Female,50,30,53
Male,25,18,78
Female,21,50,76
Female,62,90,73
Female,48,85,15
Female,35,67,65
Female,39,70,1
Male,33,56,1
Female,41,47,79
Female,25,41,12
Female,50,21,45
Female,41,107,86
Male,41,65,65
Male,26,48,59
Female,46,108,48
Female,26,113,53
Male,29,132,34
Female,40,54,37
Female,70,63,52
Female,41,77,56
Male,18,104,46
Female,29,62,1
Female,48,34,90
Female,23,40,74
Female,50,91,44
Female,41,76,75
Female,52,56,40
Male,31,54,58
Male,29,56,1
Female,46,93,56
Female,38,39,42
Female,37,28,55
Male,60,108,94
Female,47,61,49
Male,18,58,38
Female,50,78,38
Female,48,34,13
Female,55,80,60
Female,25,50,64
Female,43,90,51
Female,40,20,73
Female,25,72,74
Female,52,54,52
Male,35,42,65
Female,54,80,100
Male,28,56,28
Male,18,72,70
Male,35,93,52
Male,42,81,77
Male,31,32,29
Male,18,46,55
Male,44,72,32
Male,44,81,4
Male,48,50,86
Female,33,65,38
Female,32,65,28
Male,58,69,35
Female,18,29,97
Male,35,23,84
Male,40,15,44
Female,47,63,72
Male,41,24,22
Female,25,116,63
Female,55,77,39
Female,38,29,61
Male,18,90,14
Female,41,90,34
Female,45,92,54
Female,66,39,54
Male,44,79,12
Female,18,93,25
Female,18,101,61
Female,56,20,58
Male,27,54,67
Female,18,38,55
Male,52,109,23
Female,32,73,41
Female,52,83,63
Male,26,73,24
Female,59,70,21
Female,51,37,42
Female,28,48,57
Female,18,62,2
Male,70,43,43
Male,35,38,63
Female,28,55,68
Male,58,44,24
Male,52,61,59
Female,55,48,75
Female,37,42,65
Male,65,36,39
Male,20,60,1
Male,31,83,55
Male,44,77,90
Female,55,20,71
Female,48,83,69
Female,37,77,54
Female,32,83,73
Female,55,89,58
Male,49,41,5
Female,26,52,73
Female,26,107,27
Female,31,106,51
Male,29,58,69
Female,53,76,30
Female,44,78,24
Female,46,106,62
Female,41,69,21
Male,42,28,45
Female,18,48,79
Female,49,142,92
Female,30,27,4
Female,38,61,44
Female,32,121,82
Male,40,39,39
Female,46,15,70
Female,24,15,72
Female,42,39,34
Female,32,15,61
Female,57,87,62
Male,23,67,73
Female,24,15,8
Male,33,18,83
Male,25,93,67
Female,35,65,21
Male,31,98,46
Male,40,89,71
Male,52,30,22
Male,39,83,26
Male,41,75,50
Male,24,15,38
Male,36,24,56
Male,32,124,71
Female,48,36,57
Female,28,71,49
Female,26,55,71
Male,43,65,47
Male,66,57,30
Male,36,85,80
Female,41,85,1
Male,52,63,51
Male,45,36,40
Male,46,45,26
Female,37,19,57
Male,37,51,62
Male,28,15,28
Male,45,66,14
Female,45,68,16
Male,48,86,97
Female,32,28,99
Female,50,30,50
Female,54,100,14
Male,21,24,46
Male,34,114,1
Male,55,36,58
Female,29,36,24
Female,46,82,18
Female,38,74,75
Female,43,103,46
Female,39,15,72
Male,49,74,81
Male,24,59,47
Female,26,32,50
Female,59,109,77
Female,68,66,36
Female,38,58,80
Male,62,72,1
Female,28,15,41
Male,31,27,55
Female,59,51,19
Male,50,68,59
Male,61,94,54
Male,45,37,31
Female,24,31,30
Male,41,73,27
Female,55,56,9
Female,36,15,91
Female,34,36,44
Male,45,55,15
Male,31,56,47
Female,42,62,56
Female,39,26,29
Female,31,57,40
Female,52,85,83
Female,47,15,20
Female,33,53,35
Female,38,16,1
Male,35,59,97
Female,29,21,67
Male,18,64,48
Female,32,103,31
Female,30,34,30
Female,40,38,43
Female,45,48,63
Male,27,68,22
Female,44,33,38
Male,25,50,72
Female,37,42,91
Female,30,48,64
Male,49,69,33
Female,40,75,46
Male,37,21,60
Female,30,69,42
Female,34,143,68
Female,64,101,31
Female,31,43,91
Female,45,64,47
Female,37,59,33
Male,45,72,65
Female,50,49,24
Female,33,53,54
Male,48,41,86
Male,70,89,18
Female,46,68,80
Female,61,68,16
Female,45,92,71
Female,25,92,25
Male,42,87,80
Male,34,92,35
Male,30,101,40
Female,37,35,25
Male,36,52,1
Female,24,79,20
Female,70,37,6
Male,50,51,1
Female,42,65,57
Male,40,54,89
Male,55,62,96
Male,67,30,20
Female,48,59,47
Male,40,64,80
Female,59,102,16
Male,40,53,81
Female,44,43,81
Female,52,79,1
Female,33,15,1
Female,18,52,39
Female,32,47,74
Male,49,67,10
Female,48,93,1
Female,57,101,51
Female,33,67,66
Female,60,19,32
Male,41,47,34
Female,47,49,66
Female,51,70,27
Female,19,62,29
Male,24,42,57
Female,24,27,60
Female,53,37,44
Male,34,36,88
Male,67,103,69
Female,38,40,41
Female,18,62,16
Female,29,85,75
Male,40,65,76
Female,46,32,47
Male,25,86,57
Male,46,69,68
Female,50,15,91
Female,29,93,73
Female,66,83,61
Female,31,69,74
Male,24,103,79
Female,18,82,57
Female,55,90,73
Female,39,87,32
Male,32,80,76
Male,18,15,32
Female,33,16,24
Female,70,82,46
Male,18,92,15
Female,30,42,34
Female,63,31,59
Male,56,67,57
Female,30,22,66
Male,41,56,67
Female,45,51,59
Female,40,54,28
Male,63,110,74
Female,43,43,47
Male,54,61,56
Female,41,26,52
Female,18,85,90
Male,22,55,19
Female,25,91,41
Female,35,15,63
Male,67,59,50
Male,43,64,37
Female,37,84,1
Male,56,43,42
Female,18,81,59
Female,32,46,64
Female,29,63,45
Male,44,84,54
Male,51,36,20
Female,45,80,60
Female,45,69,50
Male,33,51,54
Male,43,43,44
Female,27,15,55
Female,48,58,66
Female,31,51,56
Male,23,77,3
Female,39,74,57
Male,18,88,40
Female,59,89,31
Female,49,143,85
Male,43,74,26
Female,18,37,29
Male,29,82,1
Male,39,102,87
Female,35,73,73
Female,18,15,41
Male,20,75,66
Female,34,44,1
Male,20,25,62
Male,58,65,28
Female,45,20,93
Female,27,87,59
Female,55,79,53
Female,52,58,29
Female,42,46,29
Male,38,55,65
Male,34,34,28
Female,31,58,27
Female,20,15,86
Female,60,62,57
Female,31,63,21
Female,39,82,64
Male,26,68,42
Female,35,86,4
Female,70,74,37
Female,28,87,23
Female,59,129,56
Male,38,71,33
Male,48,65,52
Female,56,91,67
Female,42,48,100
Female,33,57,100
Female,36,71,55
Male,36,62,48
Male,64,62,34
Female,18,84,7
Male,18,16,1
Male,18,113,28
Male,26,73,92
Female,48,50,91
Female,49,103,52
Male,30,63,62
Female,38,63,34
Female,23,54,49
Male,24,99,30
Male,46,60,30
Male,53,45,66
Male,32,86,34
Female,61,91,62
Female,52,102,46
Male,61,77,86
Male,34,90,64
Male,60,53,56
Male,69,87,13
Male,33,80,37
Male,36,74,48
Female,25,19,51
Male,22,50,67
Female,23,59,55
Female,27,74,23
Female,42,123,65
Female,28,83,38
Male,42,39,33
Female,42,47,21
Female,32,97,41
Female,37,46,35
Female,31,87,80
Female,34,63,43
Male,27,56,63
Male,40,47,3
Male,30,15,69
Female,22,74,66
Male,47,32,12
Male,47,23,27
Male,54,67,33
Female,24,87,44
Female,32,15,31
Female,42,86,43
Female,31,36,67
Female,46,77,35
Male,45,75,57
Female,45,55,54
Female,59,61,1
Female,47,50,29
Female,40,67,75
Male,36,67,27
Female,37,36,22
Female,23,24,76
Female,18,87,54
Female,45,65,87
Female,55,83,38
Female,34,42,81
Female,61,38,27
Female,36,33,1
Female,18,55,67
Male,51,66,65
Female,32,46,67
Female,52,101,44
Female,21,43,88
Male,44,67,72
Male,27,37,71
Female,41,42,53
Female,49,58,15
Female,46,38,51
Female,39,62,59
Female,19,72,100
Male,49,89,57
Female,53,32,23
Female,24,64,62
Female,26,58,82
Female,53,15,94
Female,35,30,47
Female,26,73,45
Male,42,25,13
Male,29,58,34
Male,41,15,61
Female,33,57,10
Male,34,15,100
Male,54,44,40
Female,18,49,53
Female,46,63,59
Female,52,53,79
Male,30,28,57
Male,51,28,22
Female,25,18,61
Female,29,65,79
Female,28,64,27
Male,52,78,70
Male,18,47,56
Male,61,15,52
Female,34,52,33
Female,47,60,44
Male,46,29,61
Female,40,32,39
Female,30,72,24
Male,56,63,23
Male,31,90,57
Male,28,105,62
Female,51,21,48
Male,40,49,97
Male,57,63,6
Female,37,70,60
Male,29,87,2
Male,42,79,47
Female,32,90,56
Male,30,62,45
Female,50,44,1
Female,64,111,47
Male,35,64,50
Female,25,54,73
Male,36,32,13
Male,46,64,87
Female,42,86,1
Male,55,47,16
Male,48,57,54
Male,23,67,58
Male,31,72,89
Male,19,53,55
Male,54,50,47
Female,18,47,61
Female,20,31,1
Male,31,40,24
Female,46,39,19
Male,31,20,74
Female,33,86,83
Female,34,70,98
Female,41,64,64
Male,21,94,73
Female,25,79,52
Female,62,39,37
Female,44,91,22
Female,49,86,20
Male,39,31,14
Male,36,84,69
Male,45,48,39
Female,49,86,31
Female,50,51,1
Female,37,46,26
Male,52,49,42
Female,18,35,10
Female,51,21,100
Female,32,15,15
Female,46,32,79
Female,29,129,47
Female,20,73,35
Female,43,109,43
Female,18,52,50
Female,33,48,56
Male,27,105,24
Female,36,70,64
Female,49,35,42
Male,32,77,15
Male,43,93,39
Male,49,23,86
Female,30,72,55
Male,30,24,50
Female,57,91,39
Male,37,66,41
Female,45,77,55
Female,45,54,43
Male,22,15,61
Female,28,48,58
Female,44,84,19
Female,18,112,63
Male,35,67,25
Female,26,42,24
Male,54,74,49
Male,43,82,56
Male,55,64,66
Female,38,62,1
Female,37,66,70
Male,34,61,60
Male,31,68,31
Male,70,108,44
Female,50,15,55
Female,23,54,1
Female,70,36,17
Female,33,91,80
Male,43,56,34
Male,51,75,47
Male,18,98,47
Female,27,32,68
Male,61,46,39
Female,35,95,41
Male,52,31,55
Female,32,47,72
Female,37,18,80
Female,63,96,41
Female,44,45,37
Male,34,69,46
Female,29,78,84
Female,30,39,70
Female,56,15,37
Male,49,54,8
Male,22,54,78
Male,40,58,81
Male,37,59,21
Male,43,47,38
Female,30,46,72
Male,54,68,60
Male,38,38,1
Male,44,58,21
Female,27,45,65
Female,28,68,56
Male,70,89,67
Female,63,90,70
Female,37,94,56
Male,60,51,61
Female,55,53,35
Female,30,27,53
Female,28,51,58
Female,48,52,94
Female,42,44,28
Male,33,44,68
Male,48,15,47
Male,18,25,69
Female,40,61,47
Male,21,62,80
Female,22,73,31
Male,28,53,53
Female,43,60,61
Male,29,93,32
Female,21,59,58
Male,45,43,76
Female,59,29,48
Female,47,81,69
Female,64,15,32
Male,58,38,21
Female,32,71,68
Female,47,15,35
Female,37,44,6
Female,53,63,30
Female,37,50,84
Male,27,34,77
Male,58,44,21
Male,43,82,12
Male,29,108,39
Female,31,64,77
Female,29,15,45
Female,24,75,45
Female,32,50,34
Male,44,31,43
Female,39,39,72
Male,32,40,52
Male,59,23,44
Male,18,58,67
Male,43,108,52
Female,36,31,74
Female,25,107,32
Female,43,66,57
Male,35,58,73
Male,56,52,90
Female,50,39,21
Female,65,68,45
Male,32,74,16
Male,58,15,25
Male,22,127,50
Male,37,15,1
Female,32,46,61
Male,47,15,64
Male,46,53,48
Female,26,48,28
Female,48,47,43
Male,33,68,100
Male,27,54,36
Female,38,74,29
Male,18,28,1
Female,51,62,77
Female,38,43,18
Male,38,50,52
Female,37,67,100
Female,61,47,59
Male,60,57,59
Male,57,30,41
Female,37,89,58
Female,23,79,52
Female,38,63,64
Male,43,54,1
Male,50,57,60
Male,43,88,61
Female,24,77,100
Female,31,89,50
Female,30,51,55
Female,46,73,60
Female,46,91,61
Female,48,36,18
Female,43,34,71
Female,18,67,26
Female,18,28,60
Female,36,15,28
Male,40,91,44
Male,56,95,38
Female,39,29,43
Female,25,22,48
Female,48,43,59
Male,38,93,47
Male,33,49,72
Female,18,63,36
Male,40,69,61
Female,42,65,28
Female,24,99,96
Male,49,41,61
Male,47,57,32
Male,39,66,94
Female,39,59,63
Female,52,28,32
Female,43,21,46
Female,29,21,20
Female,36,79,20
Male,46,39,81
Male,18,72,26
Male,25,62,15
Female,48,34,66
Female,55,35,93
Male,53,64,80
Female,51,62,100
Male,40,73,100
Female,24,48,26
Male,36,38,42
Female,18,63,9
Male,57,97,20
Female,27,15,77
Male,31,39,57
Female,53,76,87
Female,18,66,27
Female,22,76,36
Female,42,49,65
Female,46,18,77
Female,37,104,7
Female,38,89,43
Male,56,59,60
Male,47,38,70
Male,45,47,75
Female,49,66,48
Male,34,53,18
Male,69,60,1
Male,18,102,45
Female,59,84,42
Female,51,29,29
Female,42,62,73
Male,39,46,20
Female,36,68,33
Male,54,58,80
Male,38,138,30
Female,28,71,58
Female,51,57,49
Female,60,108,56
Female,18,65,72
Female,70,20,58
Female,24,57,14
Female,25,76,18
Male,21,73,57
Male,38,86,26
Male,20,64,74
Female,22,62,58
Male,29,23,5
Female,40,100,98
Male,42,52,40
Male,56,34,44
Male,55,129,61
Female,53,104,47
Male,35,48,75
Female,18,15,23
Female,18,41,79
Female,53,102,67
Male,50,65,30
Female,30,25,56
Male,18,81,81
Male,24,55,63
Female,41,43,54
Female,41,45,66
Female,53,94,68
Male,32,74,37
Male,35,21,54
Male,54,70,72
Female,18,63,53
Male,43,49,31
Male,34,50,57
Male,48,37,40
Male,46,43,65
Male,29,68,87
Male,31,53,67
Female,18,74,28
Male,49,39,57
Female,42,79,1
Male,58,95,47
Male,33,60,74
Female,51,74,60
Female,23,75,53
Female,18,47,100
Female,37,75,6
Female,30,15,11
Female,24,15,62
Male,51,51,73
Male,55,77,74
Male,40,58,35
Female,36,80,28
Female,39,28,24
Female,29,83,58
Female,46,103,24
Female,18,42,78
Male,23,80,49
Female,27,61,32
Female,46,72,32
Female,34,103,10
Male,57,69,29
Male,50,80,35
Female,27,27,60
Female,47,79,47
Male,33,102,27
Male,45,36,18
Female,50,52,44
Male,54,78,1
Female,41,72,41
Male,61,24,79
Male,45,64,45
Male,40,51,54
Male,34,35,51
Female,30,96,14
Female,44,60,95
Male,40,86,39
Male,42,29,50
Male,45,76,33
Male,42,88,79
Female,66,54,12
Female,31,47,83
Female,44,26,42
Male,35,37,36
Female,18,48,33
Male,36,34,96
Male,25,40,8
Female,37,64,36
Male,38,67,16
Female,44,89,3
Female,31,40,83
Female,33,61,49
Female,48,49,20
Female,27,47,71
Male,18,52,39
Female,41,55,33
Male,53,67,65
Female,48,51,39
Male,41,92,25
Female,56,15,68
Male,53,88,46
Male,34,50,69
Female,42,55,39
Male,42,60,76
Male,37,79,50
Male,54,37,77
Female,36,43,76
Female,31,73,82
Female,18,15,51
Female,27,59,60
Male,20,39,44
Male,38,34,27
Female,21,17,100
Female,47,80,30
Female,54,64,73
Female,38,42,68
Female,25,56,54
Female,42,31,46
Female,65,46,46
Male,60,55,33
Female,19,62,52
Male,18,70,19
Male,18,15,69
Male,22,70,44
Male,42,15,25
Male,31,71,17
Male,27,54,46
Male,53,89,47
Female,46,42,36
Male,18,81,63
Male,52,29,59
Female,45,63,51
Female,46,15,26
Female,30,83,31
Female,36,105,14
Female,18,42,45
Male,50,63,64
Female,24,72,18
Male,26,19,35
Female,26,40,48
Female,63,39,64
Male,29,123,12
Female,52,88,100
Male,38,54,69
Female,27,81,34
Female,24,66,22
Female,30,76,57
Male,37,32,62
Female,47,96,24
Male,32,40,21
Male,31,41,27
Male,26,76,51
Female,22,69,52
Female,21,61,100
Male,52,82,1
Female,31,30,32
Female,32,109,36
Female,29,47,62
Male,34,58,63
Female,44,109,45
Male,32,41,89
Female,41,87,21
Male,58,54,32
Female,27,38,16
Male,32,50,46
Female,47,75,41
Female,59,87,70
Female,21,66,98
Female,18,18,88
Male,38,77,18
Male,37,56,51
Female,48,31,70
Male,46,69,67
Male,38,90,100
Female,53,60,44
Female,29,84,52
Male,41,72,100
Female,21,73,61
Male,38,52,34
Female,18,82,25
Female,23,84,55
Male,62,81,77
Male,18,52,77
Female,35,86,27
Male,50,70,52
Male,69,35,38
Female,41,50,46
Female,42,46,73
Female,39,15,48
Male,53,86,67
Male,44,142,67
Female,30,92,34
Female,54,64,81
Male,32,47,21
Female,18,36,17
Female,18,64,37
Female,36,85,25
Male,40,42,65
Male,52,127,100
Male,47,24,79
Male,39,66,29
Female,52,62,24
Female,39,60,75
Male,20,45,19
Male,18,62,24
Female,56,48,59
Female,18,94,36
Female,36,103,53
Male,70,50,41
Female,45,17,49
Female,35,68,72
Male,18,67,66
Female,61,63,73
Male,55,74,66
Female,48,96,68
Male,38,82,50
Male,46,74,12
Female,36,80,47
Male,25,67,58
Male,52,35,52
Female,38,98,61
Female,46,63,100
Female,37,35,37
Male,45,30,39
Female,38,36,81
Female,37,28,53
Male,39,78,61
Female,70,55,34
Female,50,80,31
Male,70,91,19
Female,38,84,54
Female,34,77,24
Male,23,68,21
Male,61,55,67
Male,26,57,33
Male,64,75,19
Female,24,35,16
Female,51,59,73
Male,18,41,47
Male,32,91,39
Male,39,79,54
Female,30,116,52
Male,36,40,36
Female,36,43,41
Female,50,62,69
Male,18,41,71
Male,30,74,28
Female,56,59,83
Male,46,47,100
Female,56,89,42
Female,49,15,42
Female,23,74,27
Female,48,46,32
Male,40,82,58
Male,70,88,100
Female,50,15,69
Male,46,55,41
Female,48,62,39
Female,45,15,33
Female,45,66,77
Female,35,46,43
Male,46,28,61
Female,52,43,44
Male,53,38,100
Male,51,45,36
Female,59,65,32
Male,54,86,37
Female,47,58,61
Female,22,89,87
Male,22,33,61
Female,35,64,68
Female,39,115,64
Female,58,18,7
Female,18,17,49
Male,24,94,42
Female,36,66,46
Male,24,44,28
Female,27,30,72
Female,31,59,51
Female,25,64,51
Female,28,64,46
Female,57,30,33
Female,47,51,4
Male,49,45,57
Male,38,77,53
Female,52,32,63
Female,50,62,52
Male,47,129,22
Male,29,30,29
Female,32,40,84
Female,53,58,58
Female,31,15,70
Female,20,23,73
Female,31,68,24
Female,60,55,41
Male,31,88,67
Female,43,54,29
Female,30,51,39
Female,49,42,36
Female,46,51,31
Female,18,28,46
Female,42,56,37
Female,18,35,39
Male,31,28,57
Female,38,43,75
Female,64,72,69
Female,43,64,54
Female,28,78,92
Female,34,36,67
Female,51,60,70
Female,28,105,45
Male,54,97,40
Female,31,27,59
Male,26,34,73
Male,31,105,54
Female,18,72,33
Male,18,55,17
Female,37,52,9
Female,37,66,51
Female,42,66,71
Male,37,46,1
Male,70,56,34
Male,41,45,30
Female,19,64,59
Female,23,41,32
Male,38,27,18
Female,32,99,34
Female,21,58,30
Female,38,105,50
Female,38,15,44
Male,61,22,61
Male,26,72,50
Male,33,58,76
Male,61,30,38
Male,43,90,66
Female,25,37,58
Male,28,92,42
Female,21,58,67
Female,39,32,29
Male,53,42,82
Female,61,96,30
Female,18,52,15
Male,50,86,13
Male,41,97,52
Female,35,58,35
Male,33,54,54
Female,18,49,21
Male,47,69,62
Female,20,100,54
Male,28,28,38
Female,44,66,66
Female,18,65,65
Male,20,15,52
Male,55,37,73
Female,40,42,78
Female,29,80,29
Male,40,85,79
Male,48,15,26
Female,54,77,70
Female,23,73,74
Female,24,75,45
Female,47,64,48
Male,47,85,42
Male,20,91,28
Female,25,17,33
Male,36,59,63
Female,39,53,72
Female,39,45,49
Female,19,48,24
Male,39,65,20
Male,28,26,47
Female,22,78,36
Male,38,50,80
Female,37,83,32
Female,50,44,65
Male,26,42,34
Female,42,35,42
Male,18,44,54
Male,35,39,63
Male,45,71,61
Male,46,88,35
Female,46,70,52
Male,50,58,40
Female,32,73,13
Female,45,59,56
Female,64,61,82
Female,32,52,90
Female,58,82,58
Female,51,15,56
Male,35,15,1
Female,36,87,100
Female,40,55,87
Male,50,84,69
Male,44,44,52
Male,32,104,1
Female,18,56,54
Female,48,72,51
Female,18,48,13
Female,19,36,61
Male,33,15,82
Male,21,81,58
Male,43,70,58
Female,34,63,60
Male,49,30,41
Male,18,97,69
Male,29,63,89
Female,38,79,51
Male,39,60,30
Male,48,31,14
Male,26,86,63
Male,32,72,66
Female,45,55,59
Male,18,71,44
Female,44,82,57
Female,49,77,36
Female,20,15,31
Female,34,21,24
Male,59,79,24
Female,48,42,63
Female,45,33,43
Female,52,70,32
Female,64,32,15
Female,39,47,67
Male,33,82,77
Female,52,20,23
Female,36,24,46
Female,25,18,26
Male,31,37,46
Female,43,62,65
Male,32,44,91
Female,33,100,38
Female,24,72,68
Female,58,60,68
Female,34,93,46
Male,28,25,80
Male,30,83,41
Male,50,54,61
Female,46,48,35
Male,31,76,63
Male,39,49,61
Female,42,65,80
Female,29,57,97
Female,18,68,73
Female,46,47,67
Female,29,84,40
Male,45,15,1
Male,43,77,83
Female,39,15,98
Female,32,40,58
Male,29,74,24
Female,22,15,85
Male,30,64,78
Female,46,24,1
Female,58,35,53
Female,56,33,56
Male,40,25,8
Male,58,15,22
Female,34,114,78
Female,20,55,52
Male,65,28,25
Female,46,45,32
Female,18,61,19
Male,60,50,52
Male,28,27,69
Female,31,36,80
Female,53,91,32
Female,57,23,41
Male,24,15,63
Female,59,50,74
Male,51,15,59
Male,27,36,82
Female,35,27,97
Female,60,27,8
Male,18,62,89
Female,58,67,83
Male,50,39,19
Male,45,58,62
Male,40,38,66
Female,66,71,22
Female,68,21,48
Male,30,64,54
Female,47,66,22
Female,65,121,41
Female,27,15,86
Female,42,130,93
Female,52,80,21
Female,18,108,1
Male,50,84,82
Female,23,35,97
Female,41,77,72
Female,54,43,42
Female,18,58,22
Female,49,29,66
Female,67,42,77
Female,31,84,33
Male,46,72,57
Female,57,87,38
Female,18,23,69
Female,49,15,1
Female,53,89,60
Female,47,87,40
Female,40,66,97
Male,24,71,58
Male,58,83,68
Male,39,65,25
Female,26,74,44
Male,34,81,60
Male,43,58,40
Female,18,51,43
Male,39,70,56
Male,33,120,5
Female,57,38,36
Female,18,49,70
Female,51,15,40
Male,58,71,100
Male,18,46,52
Female,18,23,2
Female,63,58,61
Female,26,99,22
Female,70,51,58
Male,18,53,35
Male,41,98,37
Female,38,60,76
Female,35,28,9
Female,45,78,37
Female,46,90,34
Female,36,55,84
Male,24,63,41
Female,53,26,25
Female,47,37,56
Female,40,51,27
Male,47,62,30
Male,49,44,68
Female,28,50,1
Female,46,57,25
Male,31,34,32
Male,50,53,90
Male,36,90,61
Male,47,44,49
Female,32,36,47
Male,48,115,53
Male,25,66,56
Male,39,40,53
Female,52,77,100
Male,45,67,38
Female,41,45,54
Female,64,59,51
Male,53,52,74
Female,50,86,32
Female,48,78,40
Female,49,15,11
Female,61,110,75
Female,33,52,10
Female,52,105,64
Female,43,79,93
Male,33,67,99
Female,37,58,42
Male,41,133,41
Female,26,53,48
Female,50,42,73
Male,37,45,46
Female,40,60,43
Female,57,60,77
Male,40,86,51
Male,60,80,46
Female,31,80,27
Male,23,54,76
Male,34,78,56
Female,18,81,49
Male,51,58,2
Male,24,67,74
Female,30,81,20
Male,48,66,61
Male,40,68,30
Female,32,97,22
Male,18,66,74
Female,57,44,52
Male,48,25,51
Male,67,63,100
Female,30,51,100
Male,18,81,43
Male,52,101,16
Male,36,33,86
Male,47,37,15
Female,61,59,62
Female,44,39,43
Female,41,54,52
Male,42,46,81
Female,18,34,29
Male,54,82,34
Male,55,62,69
Female,46,108,96
Male,18,69,100
Male,37,94,12
Female,58,41,39
Male,30,41,23
Male,55,118,72
Female,39,44,51
Female,48,35,72
Female,33,29,39
Female,40,110,68
Female,44,53,45
Female,23,71,53
Female,42,64,35
Male,18,41,85
Female,30,52,17
Female,46,82,47
Male,54,28,96
Female,45,78,83
Female,19,98,28
Female,53,68,29
Female,22,95,63
Male,47,24,66
Male,23,15,80
Male,28,66,13
Female,25,45,84
Male,40,83,26
Female,36,52,84
Female,45,64,8
Female,38,62,21
Female,18,63,94
Female,42,46,96
Female,18,24,52
Female,26,54,41
Male,33,98,49
Male,32,44,60
Male,18,44,63
Male,58,64,42
Female,61,29,1
Male,70,86,36
Female,54,32,10
Female,33,52,69
Female,33,127,59
Female,32,30,47
Male,66,99,43
Female,37,63,100
Female,56,67,79
Female,55,39,55
Male,41,81,36
Female,18,50,83
Female,37,30,53
Female,40,98,33
Female,56,50,34
Female,39,15,67
Male,21,53,74
Male,52,81,66
Female,35,77,67
Female,18,43,42
Female,43,34,36
Male,45,24,54
Male,27,59,48
Female,36,64,24
Female,48,79,49
Male,43,56,68
Female,18,55,40
Female,56,53,91
Female,62,64,17
Female,31,57,28
Male,18,85,35
Female,49,68,71
Male,29,63,55
Female,46,59,27
Female,69,35,1
Female,18,60,19
Male,27,43,4
Female,36,69,72
Female,56,55,22
Male,70,104,67
Male,42,27,64
Male,18,15,80
Female,34,67,31
Female,28,43,60
Male,48,64,53
Male,44,28,53
Female,24,110,49
Male,27,50,71
Female,33,41,69
Female,35,110,50
Male,38,82,38
Male,39,97,35
Female,56,56,51
Male,33,61,55
Female,31,44,47
Male,20,41,16
Male,35,71,42
Female,42,50,36
Male,18,118,50
Female,34,82,100
Female,55,110,61
Male,47,15,82
Female,44,110,32
Male,47,15,50
Male,30,27,81
Male,28,15,9
Male,56,66,44
Female,50,60,66
Female,28,81,48
Female,18,58,35
Female,28,92,36
Male,46,36,58
Male,29,93,9
Male,43,59,53
Female,58,122,68
Female,37,83,40
Male,42,52,9
Female,48,59,36
Male,23,34,47
Male,28,69,22
Female,48,52,50
Male,39,79,54
Female,40,25,81
Female,39,51,45
Female,52,30,53
Female,44,31,35
Male,45,76,37
Male,55,90,68
Female,61,15,44
Male,70,109,71
Male,30,97,48
Female,70,25,20
Female,23,82,32
Male,65,48,100
Male,29,57,47
Female,37,76,8
Female,39,73,20
Female,26,45,31
Female,40,45,27
Female,27,46,21
Male,21,90,87
Female,38,15,67
Female,61,56,45
Female,35,101,35
Male,51,79,46
Female,27,88,96
Male,20,56,27
Male,45,29,9
Female,63,62,67
Male,41,42,76
Male,50,119,87
Female,59,56,41
Female,38,77,41
Female,36,105,100
Female,45,31,65
Female,47,15,48
Male,19,73,63
Male,42,78,38
Female,38,49,57
Female,27,30,57
Female,37,68,71
Male,22,59,24
Male,18,69,59
Female,39,30,20
Female,51,69,98
Female,33,82,39
Male,25,21,7
Male,27,98,100
Female,46,67,36
Female,62,82,52
Female,49,26,6
Female,57,78,48
Female,24,17,93
Female,37,35,68
Female,53,67,6
Male,19,53,30
Male,29,61,73
Male,52,111,66
Female,42,60,37
Female,25,79,60
Female,18,58,19
Female,57,58,16
Female,18,34,1
Female,47,70,74
Female,31,127,47
Female,53,62,50
Female,24,53,1
Male,70,90,48
Female,44,87,64
Male,46,72,1
Female,28,52,51
Male,36,90,48
Male,37,63,38
Male,63,84,83
Female,44,39,77
Male,46,45,100
Female,46,63,18
Female,47,28,61
Male,19,50,88
Male,67,26,32
Male,26,19,93
Male,38,124,59
Female,60,44,5
Female,65,46,16
Female,50,62,35
Female,31,32,47
Male,40,47,82
Male,41,108,47
Female,41,69,81
Male,21,86,52
Male,56,101,50
Female,40,66,42
Male,28,54,75
Male,31,22,53
Female,42,50,31
Female,19,56,58
Female,51,39,38
Male,42,101,36
Male,60,89,80
Male,39,86,46
Female,23,57,100
Female,22,33,69
Male,33,95,30
Male,34,69,28
Male,30,80,18
Female,40,76,65
Male,30,68,28
Female,42,113,1
Male,31,43,7
Male,47,52,21
Female,34,103,58
Male,56,62,48
Male,47,57,74
Female,41,53,26
Male,35,78,41
Male,18,54,95
Male,58,51,41
Female,29,77,55
Female,40,63,33
Male,43,34,44
Male,36,61,62
Female,57,97,67
Male,21,80,53
Male,63,100,43
Female,48,41,53
Female,35,88,31
Female,35,43,44
Female,18,28,58
Male,27,39,75
Male,33,64,26
Female,41,87,45
Male,56,68,24
Female,67,56,38
Female,42,33,76
Female,41,79,36
Male,32,85,47
Female,18,68,18
Female,30,32,35
Female,35,81,10
Female,52,92,57
Female,46,100,59
Female,41,49,58
Male,30,72,60
Male,18,46,58
Female,18,36,10
Female,18,102,29
Female,34,75,1
Female,52,94,38
Male,52,28,27
Male,49,68,49
Female,31,73,100
Female,54,38,70
Male,25,99,89
Female,50,54,71
Male,18,72,47
Female,22,46,49
Female,61,29,72
Male,36,84,56
Female,29,70,42
Female,54,66,87
Male,55,53,61
Female,32,69,13
Female,42,93,45
Female,40,42,51
Male,18,75,39
Male,19,65,40
Female,52,55,39
Female,27,17,4
Male,46,60,1
Male,42,78,33
Male,55,69,39
Female,19,22,15
Female,44,93,23
Male,37,103,43
Male,27,57,76
Female,27,121,75
Male,42,38,75
Female,47,27,24
Female,39,33,44
Male,40,66,82
Female,31,15,4
Female,32,52,38
Female,27,137,55
Male,31,21,6
Male,47,46,61
Female,48,33,90
Female,21,53,81
Female,26,51,45
Male,28,42,71
Female,37,56,5
Male,18,77,57
Male,26,96,42
Male,19,53,46
Female,44,60,52
Male,38,72,60
Female,32,28,12
Female,23,56,24
